time_open,symbol,side,volume,price,sl,tp,order_id,deal_id,magic,comment
2025-09-08 23:30:05,GOLD#,BUY,0.02,3641.37,3639.86,3644.36,1457179673,1427010040,246810,Scalp SL150 TP300
2025-09-08 23:30:05,GOLD#,BUY,0.02,3641.42,3639.87,3642.98,1457179677,1427010043,246810,Scalp SL150 TP161
2025-09-08 23:30:06,GOLD#,BUY,0.02,3641.46,3639.95,3644.45,1457179681,1427010047,246810,Scalp SL150 TP300
2025-09-08 23:31:41,GOLD#,BUY,0.02,3641.43,3639.92,3642.81,1457180141,1427010481,246810,Scalp SL150 TP139
2025-09-08 23:31:41,GOLD#,BUY,0.02,3641.41,3639.87,3644.37,1457180136,1427010476,246810,Scalp SL150 TP300
2025-09-08 23:34:11,GOLD#,SELL,0.02,3640.16,3641.54,3639.04,1457180963,1427011267,246810,Scalp SL150 TP100
2025-09-08 23:34:11,GOLD#,SELL,0.02,3640.01,3641.53,3638.08,1457180962,1427011266,246810,Scalp SL150 TP195
2025-09-08 23:34:54,GOLD#,SELL,0.02,3640.16,3641.65,3637.81,1457181103,1427011399,246810,Scalp SL150 TP234
2025-09-08 23:34:54,GOLD#,SELL,0.02,3640.16,3641.66,3639.16,1457181104,1427011400,246810,Scalp SL150 TP100
2025-09-08 23:34:54,GOLD#,SELL,0.02,3639.99,3641.66,3637.16,1457181106,1427011402,246810,Scalp SL150 TP300
2025-09-08 23:44:42,GOLD#,BUY,0.02,3639.69,3638.19,3642.69,1457185430,1427015496,246810,Scalp SL150 TP300
2025-09-08 23:44:42,GOLD#,BUY,0.02,3639.68,3638.19,3640.69,1457185434,1427015500,246810,Scalp SL150 TP100
2025-09-08 23:44:42,GOLD#,BUY,0.02,3639.69,3638.18,3642.14,1457185425,1427015492,246810,Scalp SL150 TP246
2025-09-08 23:45:59,GOLD#,SELL,0.02,3639.75,3641.25,3638.42,1457186430,1427016465,246810,Scalp SL150 TP133
2025-09-08 23:45:59,GOLD#,SELL,0.02,3639.75,3641.25,3638.75,1457186427,1427016463,246810,Scalp SL150 TP100
2025-09-08 23:45:59,GOLD#,SELL,0.02,3639.75,3641.25,3636.75,1457186426,1427016462,246810,Scalp SL150 TP300
2025-09-08 23:54:22,GOLD#,SELL,0.02,3640.29,3641.79,3639.29,1457188840,1427018718,246810,Scalp SL150 TP100
2025-09-08 23:54:22,GOLD#,SELL,0.02,3640.29,3641.79,3637.29,1457188839,1427018717,246810,Scalp SL150 TP300
2025-09-09 00:00:42,GOLD#,BUY,0.02,3641.26,3639.76,3643.33,1457190605,1427020271,246810,Scalp SL150 TP207
2025-09-09 00:00:42,GOLD#,BUY,0.02,3641.21,3639.73,3644.23,1457190607,1427020273,246810,Scalp SL150 TP300
2025-09-09 00:00:42,GOLD#,BUY,0.02,3641.26,3639.78,3644.28,1457190602,1427020269,246810,Scalp SL150 TP300
2025-09-09 00:24:12,GOLD#,BUY,0.02,3635.56,3634.06,3638.56,1457202085,1427029236,246810,Scalp SL150 TP300
2025-09-09 00:24:12,GOLD#,BUY,0.02,3635.56,3634.06,3636.56,1457202086,1427029237,246810,Scalp SL150 TP100
2025-09-09 00:24:12,GOLD#,BUY,0.02,3635.56,3634.1,3636.93,1457202084,1427029235,246810,Scalp SL150 TP133
2025-09-09 00:25:02,GOLD#,BUY,0.02,3635.53,3634.03,3638.53,1457202409,1427029340,246810,Scalp SL150 TP300
2025-09-09 00:32:42,GOLD#,BUY,0.02,3635.6,3633.99,3636.49,1457205897,1427031939,246810,Scalp SL150 TP100
2025-09-09 00:32:43,GOLD#,BUY,0.02,3635.62,3634.12,3638.62,1457205902,1427031943,246810,Scalp SL150 TP300
2025-09-09 00:32:43,GOLD#,BUY,0.02,3635.62,3634.1,3637.6,1457205898,1427031940,246810,Scalp SL150 TP200
2025-09-09 00:43:00,GOLD#,BUY,0.02,3636.02,3634.3,3637.29,1457208528,1427033593,246810,Scalp SL150 TP149
2025-09-09 00:47:28,GOLD#,BUY,0.02,3634.77,3633.27,3636.54,1457210134,1427034762,246810,Scalp SL150 TP177
2025-09-09 00:47:30,GOLD#,BUY,0.02,3634.77,3633.27,3637.77,1457210139,1427034766,246810,Scalp SL150 TP300
2025-09-09 00:47:30,GOLD#,BUY,0.02,3634.77,3633.27,3637.77,1457210137,1427034764,246810,Scalp SL150 TP300
2025-09-09 00:48:25,GOLD#,BUY,0.02,3634.77,3633.27,3637.77,1457210341,1427034872,246810,Scalp SL150 TP300
2025-09-09 00:48:25,GOLD#,BUY,0.02,3634.77,3633.27,3637.06,1457210338,1427034870,246810,Scalp SL150 TP229
2025-09-09 01:04:20,GOLD#,BUY,0.02,3633.19,3631.72,3636.22,1457217723,1427040989,246810,Scalp SL150 TP300
2025-09-09 01:06:42,GOLD#,BUY,0.02,3633.03,3631.56,3636.0,1457218704,1427041950,246810,Scalp SL150 TP294
2025-09-09 01:06:44,GOLD#,BUY,0.02,3633.1,3631.59,3634.73,1457218723,1427041969,246810,Scalp SL150 TP164

2025-09-09 01:07:12,GOLD#,BUY,0.02,3633.4,3631.91,3635.83,1457218824,1427042069,246810,Scalp SL150 TP242
2025-09-09 01:10:20,GOLD#,SELL,0.02,3634.66,3636.16,3633.37,1457220024,1427043195,246810,Scalp SL150 TP129
2025-09-09 01:15:13,GOLD#,SELL,0.02,3633.01,3634.5,3631.85,1457221833,1427044912,246810,Scalp SL150 TP115
2025-09-09 01:15:13,GOLD#,SELL,0.02,3633.01,3634.51,3632.01,1457221837,1427044916,246810,Scalp SL150 TP100
2025-09-09 01:15:13,GOLD#,SELL,0.02,3633.02,3634.51,3630.01,1457221838,1427044917,246810,Scalp SL150 TP300
2025-09-09 01:15:48,GOLD#,SELL,0.02,3633.27,3634.74,3630.24,1457222342,1427045410,246810,Scalp SL150 TP300
2025-09-09 01:15:59,GOLD#,SELL,0.02,3633.18,3634.72,3630.76,1457222390,1427045457,246810,Scalp SL150 TP246
2025-09-09 01:19:08,GOLD#,BUY,0.02,3634.47,3633.0,3635.5,1457223523,1427046605,246810,Scalp SL150 TP100
2025-09-09 01:19:12,GOLD#,BUY,0.02,3634.58,3633.07,3637.57,1457223548,1427046629,246810,Scalp SL150 TP300
2025-09-09 01:19:13,GOLD#,BUY,0.02,3634.56,3633.06,3637.34,1457223551,1427046632,246810,Scalp SL150 TP278
2025-09-09 01:21:21,GOLD#,BUY,0.02,3634.73,3633.23,3635.73,1457224305,1427047333,246810,Scalp SL150 TP100
2025-09-09 01:30:30,GOLD#,BUY,0.02,3633.71,3632.22,3634.73,1457226433,1427049285,246810,Scalp SL150 TP101
2025-09-09 01:34:02,GOLD#,BUY,0.02,3633.57,3632.03,3636.53,1457227104,1427049941,246810,Scalp SL150 TP300
2025-09-09 01:34:02,GOLD#,BUY,0.02,3633.53,3632.05,3634.82,1457227099,1427049937,246810,Scalp SL150 TP127
2025-09-09 01:34:02,GOLD#,BUY,0.02,3633.57,3632.07,3634.73,1457227106,1427049943,246810,Scalp SL150 TP116
2025-09-09 01:41:08,GOLD#,BUY,0.02,3633.46,3631.95,3636.45,1457228422,1427051143,246810,Scalp SL150 TP300
2025-09-09 01:41:08,GOLD#,BUY,0.02,3633.47,3631.96,3635.93,1457228425,1427051145,246810,Scalp SL150 TP247
2025-09-09 01:41:08,GOLD#,BUY,0.02,3633.53,3631.96,3634.46,1457228426,1427051146,246810,Scalp SL150 TP100
2025-09-09 01:42:32,GOLD#,SELL,0.02,3634.04,3635.54,3631.04,1457228559,1427051265,246810,Scalp SL150 TP300
2025-09-09 01:42:32,GOLD#,SELL,0.02,3634.04,3635.54,3632.93,1457228560,1427051266,246810,Scalp SL150 TP111
2025-09-09 01:45:06,GOLD#,BUY,0.02,3634.87,3633.38,3635.88,1457229069,1427051755,246810,Scalp SL150 TP100
2025-09-09 01:47:49,GOLD#,SELL,0.02,3634.92,3636.4,3633.9,1457229672,1427052313,246810,Scalp SL150 TP100
2025-09-09 01:47:49,GOLD#,SELL,0.02,3634.89,3636.4,3631.9,1457229673,1427052314,246810,Scalp SL150 TP300
2025-09-09 02:02:50,GOLD#,SELL,0.02,3636.32,3637.79,3633.29,1457234255,1427056675,246810,Scalp SL150 TP300
2025-09-09 02:03:10,GOLD#,SELL,0.02,3636.3,3637.8,3634.68,1457234396,1427056814,246810,Scalp SL150 TP162
2025-09-09 02:03:10,GOLD#,SELL,0.02,3636.35,3637.83,3635.33,1457234400,1427056818,246810,Scalp SL150 TP100
2025-09-09 02:03:20,GOLD#,SELL,0.02,3635.99,3637.49,3632.99,1457234448,1427056864,246810,Scalp SL150 TP300
2025-09-09 02:03:40,GOLD#,SELL,0.02,3635.86,3637.36,3633.51,1457234558,1427056970,246810,Scalp SL150 TP235
2025-09-09 02:07:42,GOLD#,SELL,0.02,3635.91,3637.47,3633.48,1457236151,1427058476,246810,Scalp SL150 TP249
2025-09-09 02:07:42,GOLD#,SELL,0.02,3635.93,3637.41,3634.91,1457236156,1427058480,246810,Scalp SL150 TP100
2025-09-09 02:07:42,GOLD#,SELL,0.02,3635.91,3637.41,3632.91,1457236158,1427058482,246810,Scalp SL150 TP300
2025-09-09 02:20:49,GOLD#,BUY,0.02,3633.98,3632.48,3636.98,1457238897,1427061110,246810,Scalp SL150 TP300
2025-09-09 02:20:50,GOLD#,BUY,0.02,3633.97,3632.48,3635.96,1457238900,1427061113,246810,Scalp SL150 TP198
2025-09-09 02:20:50,GOLD#,BUY,0.02,3634.04,3632.54,3635.04,1457238903,1427061116,246810,Scalp SL150 TP100
2025-09-09 02:21:26,GOLD#,BUY,0.02,3633.96,3632.52,3636.23,1457238972,1427061185,246810,Scalp SL150 TP221
2025-09-09 02:21:26,GOLD#,BUY,0.02,3633.94,3632.46,3634.96,1457238974,1427061186,246810,Scalp SL150 TP100
2025-09-09 02:43:45,GOLD#,SELL,0.02,3635.71,3637.21,3634.6,1457241872,1427063809,246810,Scalp SL150 TP111
2025-09-09 02:43:45,GOLD#,SELL,0.02,3635.76,3637.26,3633.23,1457241874,1427063811,246810,Scalp SL150 TP253
2025-09-09 02:43:45,GOLD#,SELL,0.02,3635.76,3637.26,3632.76,1457241873,1427063810,246810,Scalp SL150 TP300
2025-09-09 02:44:16,GOLD#,SELL,0.02,3635.66,3637.16,3632.73,1457241962,1427063859,246810,Scalp SL150 TP293
2025-09-09 02:58:01,GOLD#,SELL,0.02,3636.74,3638.14,3635.64,1457244233,1427066004,246810,Scalp SL150 TP100
2025-09-09 02:58:01,GOLD#,SELL,0.02,3636.64,3638.14,3633.64,1457244231,1427066002,246810,Scalp SL150 TP300
2025-09-09 02:58:01,GOLD#,SELL,0.02,3636.73,3638.24,3634.33,1457244235,1427066005,246810,Scalp SL150 TP241
2025-09-09 02:58:32,GOLD#,SELL,0.02,3636.17,3637.67,3635.17,1457244289,1427066045,246810,Scalp SL150 TP100
2025-09-09 02:58:32,GOLD#,SELL,0.02,3636.16,3637.78,3633.28,1457244290,1427066046,246810,Scalp SL150 TP300
2025-09-09 02:58:32,GOLD#,SELL,0.02,3636.17,3637.78,3633.41,1457244286,1427066043,246810,Scalp SL150 TP287
2025-09-09 03:01:09,GOLD#,SELL,0.02,3636.99,3638.49,3633.99,1457244737,1427066415,246810,Scalp SL150 TP300
2025-09-09 03:01:09,GOLD#,SELL,0.02,3636.99,3638.44,3635.94,1457244734,1427066412,246810,Scalp SL150 TP100
2025-09-09 03:01:09,GOLD#,SELL,0.02,3636.94,3638.44,3634.31,1457244733,1427066411,246810,Scalp SL150 TP263
2025-09-09 03:01:28,GOLD#,SELL,0.02,3636.84,3638.23,3635.03,1457244752,1427066430,246810,Scalp SL150 TP170
2025-09-09 03:12:51,GOLD#,SELL,0.02,3635.72,3637.27,3632.77,1457245773,1427067347,246810,Scalp SL150 TP300
2025-09-09 03:28:31,GOLD#,SELL,0.02,3634.52,3636.02,3633.39,1457247014,1427068483,246810,Scalp SL150 TP113
2025-09-09 03:30:24,GOLD#,BUY,0.02,3635.69,3634.19,3636.69,1457247304,1427068778,246810,Scalp SL150 TP100
2025-09-09 03:34:25,GOLD#,SELL,0.02,3635.63,3637.13,3633.86,1457247784,1427069217,246810,Scalp SL150 TP177
2025-09-09 03:43:27,GOLD#,SELL,0.02,3636.21,3637.73,3633.23,1457249004,1427070349,246810,Scalp SL150 TP300
2025-09-09 03:43:27,GOLD#,SELL,0.02,3636.24,3637.74,3635.24,1457249006,1427070350,246810,Scalp SL150 TP100
2025-09-09 03:43:27,GOLD#,SELL,0.02,3636.24,3637.74,3633.71,1457249007,1427070351,246810,Scalp SL150 TP253
2025-09-09 03:54:28,GOLD#,SELL,0.02,3637.35,3638.76,3634.26,1457250067,1427071302,246810,Scalp SL150 TP300
2025-09-09 03:54:34,GOLD#,SELL,0.02,3637.17,3638.64,3635.87,1457250079,1427071313,246810,Scalp SL150 TP127
2025-09-09 03:54:34,GOLD#,SELL,0.02,3637.14,3638.64,3635.98,1457250078,1427071312,246810,Scalp SL150 TP116
2025-09-09 05:06:22,GOLD#,SELL,0.02,3635.96,3637.46,3632.96,1457252833,1427079655,246810,Scalp SL150 TP300
2025-09-09 05:06:22,GOLD#,SELL,0.02,3635.96,3637.49,3634.99,1457252831,1427079654,246810,Scalp SL150 TP100
2025-09-09 05:08:50,GOLD#,BUY,0.02,3637.07,3635.57,3638.99,1457253090,1427079877,246810,Scalp SL150 TP192
2025-09-09 05:08:52,GOLD#,BUY,0.02,3637.0,3635.5,3640.0,1457253100,1427079887,246810,Scalp SL150 TP300
2025-09-09 05:10:58,GOLD#,SELL,0.02,3635.45,3636.95,3633.68,1457253249,1427080030,246810,Scalp SL150 TP177
2025-09-09 05:10:59,GOLD#,SELL,0.02,3635.45,3636.95,3632.45,1457253251,1427080032,246810,Scalp SL150 TP300
2025-09-09 05:13:52,GOLD#,SELL,0.02,3634.55,3636.05,3633.18,1457253551,1427080274,246810,Scalp SL150 TP137
2025-09-09 05:15:39,GOLD#,BUY,0.02,3634.43,3632.93,3637.43,1457253771,1427080488,246810,Scalp SL150 TP300
2025-09-09 05:20:41,GOLD#,SELL,0.02,3634.82,3636.32,3631.82,1457254196,1427080852,246810,Scalp SL150 TP300
2025-09-09 05:20:41,GOLD#,SELL,0.02,3634.82,3636.32,3632.15,1457254195,1427080851,246810,Scalp SL150 TP267
2025-09-09 05:46:04,GOLD#,BUY,0.02,3630.66,3629.16,3633.66,1457259331,1427085675,246810,Scalp SL150 TP300
2025-09-09 05:46:04,GOLD#,BUY,0.02,3630.66,3629.16,3633.66,1457259333,1427085677,246810,Scalp SL150 TP300
2025-09-09 05:46:04,GOLD#,BUY,0.02,3630.66,3629.16,3632.59,1457259332,1427085676,246810,Scalp SL150 TP193
2025-09-09 05:47:09,GOLD#,BUY,0.02,3630.69,3629.19,3633.62,1457259395,1427085739,246810,Scalp SL150 TP293
2025-09-09 05:47:09,GOLD#,BUY,0.02,3630.69,3629.18,3633.68,1457259392,1427085737,246810,Scalp SL150 TP300
2025-09-09 06:01:21,GOLD#,SELL,0.02,3629.08,3630.58,3627.82,1457260714,1427086849,246810,Scalp SL150 TP126
2025-09-09 06:01:21,GOLD#,SELL,0.02,3629.08,3630.58,3626.08,1457260716,1427086851,246810,Scalp SL150 TP300
2025-09-09 06:01:21,GOLD#,SELL,0.02,3629.08,3630.58,3626.65,1457260715,1427086850,246810,Scalp SL150 TP243
2025-09-09 06:01:56,GOLD#,BUY,0.02,3629.65,3628.15,3632.53,1457260744,1427086877,246810,Scalp SL150 TP288
2025-09-09 06:01:56,GOLD#,BUY,0.02,3629.65,3628.15,3632.65,1457260743,1427086876,246810,Scalp SL150 TP300
2025-09-09 06:06:27,GOLD#,SELL,0.02,3630.32,3631.82,3629.32,1457261251,1427087317,246810,Scalp SL150 TP100
2025-09-09 06:06:27,GOLD#,SELL,0.02,3630.32,3631.82,3627.32,1457261253,1427087319,246810,Scalp SL150 TP300
2025-09-09 06:06:27,GOLD#,SELL,0.02,3630.32,3631.82,3628.31,1457261252,1427087318,246810,Scalp SL150 TP201
2025-09-09 06:14:59,GOLD#,SELL,0.02,3630.33,3631.79,3628.34,1457262241,1427088184,246810,Scalp SL150 TP195
2025-09-09 06:14:59,GOLD#,SELL,0.02,3630.33,3631.83,3627.33,1457262246,1427088189,246810,Scalp SL150 TP300
2025-09-09 06:14:59,GOLD#,SELL,0.02,3630.33,3631.83,3629.33,1457262249,1427088192,246810,Scalp SL150 TP100
2025-09-09 06:20:25,GOLD#,BUY,0.02,3630.29,3628.79,3633.29,1457263577,1427089451,246810,Scalp SL150 TP300
2025-09-09 06:20:26,GOLD#,BUY,0.02,3630.26,3628.75,3631.69,1457263581,1427089453,246810,Scalp SL150 TP144
2025-09-09 06:20:26,GOLD#,BUY,0.02,3630.26,3628.76,3633.26,1457263583,1427089455,246810,Scalp SL150 TP300
2025-09-09 06:20:55,GOLD#,BUY,0.02,3630.15,3628.65,3633.15,1457263687,1427089570,246810,Scalp SL150 TP300
2025-09-09 06:20:56,GOLD#,BUY,0.02,3630.15,3628.65,3631.82,1457263693,1427089576,246810,Scalp SL150 TP167
2025-09-09 06:33:46,GOLD#,SELL,0.02,3631.49,3632.99,3630.49,1457266316,1427091978,246810,Scalp SL150 TP100
2025-09-09 06:39:50,GOLD#,BUY,0.02,3630.58,3629.08,3631.58,1457266843,1427092410,246810,Scalp SL150 TP100
2025-09-09 06:39:50,GOLD#,BUY,0.02,3630.46,3629.08,3633.4,1457266844,1427092411,246810,Scalp SL150 TP282
2025-09-09 06:42:05,GOLD#,SELL,0.02,3630.02,3631.52,3627.02,1457266952,1427092595,246810,Scalp SL150 TP300
2025-09-09 06:42:05,GOLD#,SELL,0.02,3630.01,3631.52,3628.8,1457266954,1427092597,246810,Scalp SL150 TP122
2025-09-09 06:42:05,GOLD#,SELL,0.02,3630.02,3631.52,3627.02,1457266953,1427092596,246810,Scalp SL150 TP300
2025-09-09 06:45:26,GOLD#,SELL,0.02,3631.06,3632.56,3628.06,1457267261,1427092816,246810,Scalp SL150 TP300
2025-09-09 06:45:28,GOLD#,SELL,0.02,3630.79,3632.29,3628.1,1457267265,1427092819,246810,Scalp SL150 TP269
2025-09-09 06:45:28,GOLD#,SELL,0.02,3630.8,3632.29,3627.79,1457267266,1427092820,246810,Scalp SL150 TP300
2025-09-09 06:45:30,GOLD#,BUY,0.02,3631.11,3629.61,3632.11,1457267268,1427092821,246810,Scalp SL150 TP100
2025-09-09 06:49:28,GOLD#,SELL,0.02,3631.74,3633.24,3630.74,1457267913,1427093293,246810,Scalp SL150 TP100
2025-09-09 06:49:28,GOLD#,SELL,0.02,3631.74,3633.22,3630.68,1457267910,1427093292,246810,Scalp SL150 TP104
2025-09-09 06:51:33,GOLD#,BUY,0.02,3633.72,3632.22,3634.93,1457268355,1427093705,246810,Scalp SL150 TP121
2025-09-09 06:51:33,GOLD#,BUY,0.02,3633.73,3632.23,3635.27,1457268367,1427093709,246810,Scalp SL150 TP154
2025-09-09 06:51:33,GOLD#,BUY,0.02,3633.73,3632.23,3636.73,1457268362,1427093707,246810,Scalp SL150 TP300
2025-09-09 06:52:03,GOLD#,BUY,0.02,3634.37,3632.82,3635.32,1457268679,1427094026,246810,Scalp SL150 TP100
2025-09-09 06:52:03,GOLD#,BUY,0.02,3634.38,3632.87,3637.37,1457268682,1427094029,246810,Scalp SL150 TP300
2025-09-09 06:52:04,GOLD#,BUY,0.02,3634.25,3632.78,3636.73,1457268687,1427094034,246810,Scalp SL150 TP245
2025-09-09 06:52:33,GOLD#,BUY,0.02,3634.01,3632.51,3637.01,1457268775,1427094100,246810,Scalp SL150 TP300
2025-09-09 06:52:34,GOLD#,BUY,0.02,3634.01,3632.51,3635.01,1457268776,1427094101,246810,Scalp SL150 TP100
2025-09-09 06:53:52,GOLD#,BUY,0.02,3634.99,3633.49,3637.99,1457269132,1427094401,246810,Scalp SL150 TP300
2025-09-09 06:55:04,GOLD#,BUY,0.02,3635.06,3633.56,3637.82,1457269441,1427094678,246810,Scalp SL150 TP276
2025-09-09 06:59:28,GOLD#,BUY,0.02,3635.19,3633.54,3638.04,1457270338,1427095347,246810,Scalp SL150 TP300
2025-09-09 06:59:33,GOLD#,BUY,0.02,3634.89,3633.4,3636.47,1457270342,1427095350,246810,Scalp SL150 TP157
2025-09-09 07:00:51,GOLD#,SELL,0.02,3635.45,3636.95,3632.7,1457270779,1427095755,246810,Scalp SL150 TP275
2025-09-09 07:01:17,GOLD#,SELL,0.02,3635.17,3636.63,3634.13,1457270833,1427095797,246810,Scalp SL150 TP100
2025-09-09 07:01:54,GOLD#,SELL,0.02,3634.79,3636.31,3631.81,1457270951,1427095903,246810,Scalp SL150 TP300
2025-09-09 07:01:54,GOLD#,SELL,0.02,3634.8,3636.29,3633.59,1457270954,1427095906,246810,Scalp SL150 TP120
2025-09-09 07:01:54,GOLD#,SELL,0.02,3634.79,3636.29,3633.79,1457270953,1427095905,246810,Scalp SL150 TP100
2025-09-09 07:02:24,GOLD#,SELL,0.02,3634.84,3636.34,3632.45,1457271041,1427095971,246810,Scalp SL150 TP239
2025-09-09 07:10:30,GOLD#,SELL,0.02,3634.86,3636.24,3633.74,1457272305,1427097051,246810,Scalp SL150 TP100
2025-09-09 07:25:27,GOLD#,SELL,0.02,3637.41,3638.89,3636.31,1457277306,1427101885,246810,Scalp SL150 TP108
2025-09-09 07:25:34,GOLD#,SELL,0.02,3637.37,3638.87,3634.37,1457277349,1427101923,246810,Scalp SL150 TP300
2025-09-09 07:25:34,GOLD#,SELL,0.02,3637.36,3638.87,3636.37,1457277355,1427101928,246810,Scalp SL150 TP100
2025-09-09 07:27:43,GOLD#,SELL,0.02,3637.4,3638.89,3636.39,1457277808,1427102338,246810,Scalp SL150 TP100
2025-09-09 07:28:17,GOLD#,SELL,0.02,3637.39,3638.89,3636.39,1457277868,1427102391,246810,Scalp SL150 TP100
2025-09-09 07:28:18,GOLD#,SELL,0.02,3637.39,3638.89,3634.41,1457277875,1427102398,246810,Scalp SL150 TP298
2025-09-09 07:28:18,GOLD#,SELL,0.02,3637.36,3638.89,3634.39,1457277878,1427102401,246810,Scalp SL150 TP300
2025-09-09 07:38:24,GOLD#,SELL,0.02,3638.76,3640.26,3637.76,1457279946,1427104259,246810,Scalp SL150 TP100
2025-09-09 07:38:24,GOLD#,SELL,0.02,3638.78,3640.28,3636.07,1457279942,1427104255,246810,Scalp SL150 TP271
2025-09-09 07:38:24,GOLD#,SELL,0.02,3638.76,3640.26,3635.76,1457279949,1427104262,246810,Scalp SL150 TP300
2025-09-09 07:39:33,GOLD#,SELL,0.02,3638.23,3639.73,3636.6,1457280181,1427104486,246810,Scalp SL150 TP163
2025-09-09 07:39:33,GOLD#,SELL,0.02,3638.2,3639.73,3635.23,1457280182,1427104487,246810,Scalp SL150 TP300
2025-09-09 07:41:55,GOLD#,SELL,0.02,3637.39,3638.89,3634.66,1457280452,1427104712,246810,Scalp SL150 TP273
2025-09-09 07:48:19,GOLD#,SELL,0.02,3638.62,3640.16,3636.24,1457281479,1427105648,246810,Scalp SL150 TP242
2025-09-09 07:48:21,GOLD#,SELL,0.02,3638.72,3640.22,3637.72,1457281482,1427105651,246810,Scalp SL150 TP100
2025-09-09 07:48:21,GOLD#,SELL,0.02,3638.72,3640.22,3635.72,1457281483,1427105652,246810,Scalp SL150 TP300
2025-09-09 07:53:33,GOLD#,SELL,0.02,3638.44,3640.03,3637.53,1457281997,1427106200,246810,Scalp SL150 TP100
2025-09-09 07:53:33,GOLD#,SELL,0.02,3638.53,3640.03,3635.53,1457281996,1427106199,246810,Scalp SL150 TP300
2025-09-09 08:09:16,GOLD#,SELL,0.02,3637.22,3638.73,3636.23,1457286367,1427110133,246810,Scalp SL150 TP100
2025-09-09 08:09:16,GOLD#,SELL,0.02,3637.22,3638.72,3634.22,1457286370,1427110135,246810,Scalp SL150 TP300
2025-09-09 08:09:16,GOLD#,SELL,0.02,3637.23,3638.73,3635.49,1457286373,1427110138,246810,Scalp SL150 TP174
2025-09-09 08:09:50,GOLD#,SELL,0.02,3636.55,3638.13,3635.63,1457286549,1427110303,246810,Scalp SL150 TP100
2025-09-09 08:09:50,GOLD#,SELL,0.02,3636.6,3638.06,3633.56,1457286552,1427110305,246810,Scalp SL150 TP300
2025-09-09 08:10:17,GOLD#,SELL,0.02,3636.5,3637.98,3634.13,1457286689,1427110431,246810,Scalp SL150 TP235
2025-09-09 08:10:42,GOLD#,SELL,0.02,3637.06,3638.53,3636.03,1457286895,1427110634,246810,Scalp SL150 TP100
2025-09-09 08:10:42,GOLD#,SELL,0.02,3637.06,3638.56,3634.06,1457286898,1427110637,246810,Scalp SL150 TP300
2025-09-09 08:12:37,GOLD#,BUY,0.02,3638.71,3637.23,3641.73,1457287832,1427111520,246810,Scalp SL150 TP300
2025-09-09 08:12:38,GOLD#,BUY,0.02,3638.66,3637.17,3640.38,1457287836,1427111524,246810,Scalp SL150 TP171
2025-09-09 08:12:38,GOLD#,BUY,0.02,3638.68,3637.16,3640.31,1457287837,1427111525,246810,Scalp SL150 TP165
2025-09-09 08:13:07,GOLD#,BUY,0.02,3638.87,3637.37,3641.87,1457288052,1427111693,246810,Scalp SL150 TP300
2025-09-09 08:13:08,GOLD#,BUY,0.02,3638.87,3637.37,3640.38,1457288053,1427111694,246810,Scalp SL150 TP151
2025-09-09 08:16:17,GOLD#,BUY,0.02,3639.68,3637.99,3642.49,1457289365,1427112955,246810,Scalp SL150 TP300
2025-09-09 08:16:17,GOLD#,BUY,0.02,3639.38,3637.86,3640.55,1457289362,1427112952,246810,Scalp SL150 TP119
2025-09-09 08:16:17,GOLD#,BUY,0.02,3639.69,3638.18,3642.68,1457289369,1427112958,246810,Scalp SL150 TP300
2025-09-09 08:17:07,GOLD#,BUY,0.02,3639.93,3638.42,3641.09,1457289554,1427113132,246810,Scalp SL150 TP117
2025-09-09 08:17:07,GOLD#,BUY,0.02,3639.94,3638.43,3642.93,1457289557,1427113134,246810,Scalp SL150 TP300
2025-09-09 08:18:42,GOLD#,SELL,0.02,3640.84,3642.34,3637.84,1457290001,1427113514,246810,Scalp SL150 TP300
2025-09-09 08:18:42,GOLD#,SELL,0.02,3640.7,3642.33,3639.68,1457290003,1427113516,246810,Scalp SL150 TP115
2025-09-09 08:25:04,GOLD#,SELL,0.02,3641.79,3643.29,3639.68,1457293805,1427117124,246810,Scalp SL150 TP211
2025-09-09 08:25:04,GOLD#,SELL,0.02,3641.79,3643.29,3638.79,1457293810,1427117129,246810,Scalp SL150 TP300
2025-09-09 08:25:04,GOLD#,SELL,0.02,3641.84,3643.29,3639.78,1457293814,1427117133,246810,Scalp SL150 TP201
2025-09-09 08:25:59,GOLD#,SELL,0.02,3641.88,3643.38,3639.68,1457294155,1427117450,246810,Scalp SL150 TP220
2025-09-09 08:26:21,GOLD#,SELL,0.02,3641.85,3643.35,3640.29,1457294208,1427117499,246810,Scalp SL150 TP156
2025-09-09 08:40:15,GOLD#,SELL,0.01,3644.95,3647.8,3638.8,1457298477,1427121342,246810,Scalp SL300 TP600
2025-09-09 08:40:16,GOLD#,SELL,0.01,3644.89,3648.02,3639.02,1457298480,1427121344,246810,Scalp SL300 TP600
2025-09-09 08:40:46,GOLD#,SELL,0.01,3645.03,3648.03,3639.03,1457298564,1427121419,246810,Scalp SL300 TP600
2025-09-09 08:40:47,GOLD#,SELL,0.01,3645.03,3648.03,3639.03,1457298565,1427121421,246810,Scalp SL300 TP600
2025-09-09 08:41:17,GOLD#,SELL,0.01,3645.0,3647.93,3638.93,1457298663,1427121506,246810,Scalp SL300 TP600
2025-09-09 09:03:50,GOLD#,SELL,0.01,3646.73,3649.73,3640.73,1457307111,1427128130,246810,Scalp SL300 TP600
2025-09-09 09:03:50,GOLD#,SELL,0.01,3646.82,3649.73,3640.73,1457307112,1427128131,246810,Scalp SL300 TP600
2025-09-09 09:27:02,GOLD#,BUY,0.01,3652.44,3649.44,3658.44,1457319724,1427139823,246810,Scalp SL300 TP600
2025-09-09 09:27:03,GOLD#,BUY,0.01,3652.5,3649.44,3658.44,1457319729,1427139828,246810,Scalp SL300 TP600
2025-09-09 09:35:17,GOLD#,BUY,0.02,3652.24,3650.69,3654.97,1457323800,1427143888,246810,Scalp SL150 TP278
2025-09-09 09:35:17,GOLD#,BUY,0.01,3652.16,3649.02,3658.02,1457323798,1427143887,246810,Scalp SL300 TP600
2025-09-09 09:35:17,GOLD#,BUY,0.01,3652.21,3649.15,3658.15,1457323805,1427143892,246810,Scalp SL300 TP600
2025-09-09 09:35:17,GOLD#,BUY,0.02,3652.17,3650.74,3654.47,1457323802,1427143889,246810,Scalp SL150 TP223
2025-09-09 09:35:17,GOLD#,BUY,0.02,3652.16,3650.67,3655.17,1457323804,1427143891,246810,Scalp SL150 TP300
2025-09-09 09:43:10,GOLD#,SELL,0.02,3652.25,3653.69,3651.19,1457326432,1427146296,246810,Scalp SL150 TP100
2025-09-09 09:43:10,GOLD#,SELL,0.02,3652.19,3653.68,3649.18,1457326429,1427146293,246810,Scalp SL150 TP300
2025-09-09 09:43:10,GOLD#,SELL,0.01,3652.25,3655.25,3646.25,1457326433,1427146297,246810,Scalp SL300 TP600
2025-09-09 09:43:10,GOLD#,SELL,0.01,3652.19,3655.19,3646.19,1457326431,1427146295,246810,Scalp SL300 TP600
2025-09-09 09:43:10,GOLD#,SELL,0.02,3652.18,3653.66,3649.95,1457326426,1427146291,246810,Scalp SL150 TP221
2025-09-09 09:49:54,GOLD#,BUY,0.01,3651.8,3648.77,3657.77,1457327546,1427147261,246810,Scalp SL300 TP600
2025-09-09 10:05:05,GOLD#,BUY,0.02,3650.87,3649.3,3653.8,1457335276,1427154508,246810,Scalp SL150 TP300
2025-09-09 10:05:05,GOLD#,BUY,0.02,3650.85,3649.37,3653.55,1457335278,1427154510,246810,Scalp SL150 TP268
2025-09-09 10:05:05,GOLD#,BUY,0.01,3650.85,3647.85,3656.85,1457335281,1427154513,246810,Scalp SL300 TP600
2025-09-09 10:05:05,GOLD#,BUY,0.02,3650.93,3649.35,3652.09,1457335284,1427154516,246810,Scalp SL150 TP124
2025-09-09 10:09:08,GOLD#,SELL,0.02,3647.81,3649.46,3645.38,1457336910,1427155999,246810,Scalp SL150 TP258
2025-09-09 10:09:09,GOLD#,SELL,0.02,3647.54,3649.03,3644.53,1457336951,1427156040,246810,Scalp SL150 TP300
2025-09-09 10:09:09,GOLD#,SELL,0.01,3647.53,3650.56,3641.56,1457336948,1427156038,246810,Scalp SL300 TP600
2025-09-09 10:09:09,GOLD#,SELL,0.01,3647.56,3650.54,3641.54,1457336954,1427156042,246810,Scalp SL300 TP600
2025-09-09 10:09:09,GOLD#,SELL,0.02,3647.56,3649.18,3646.68,1457336942,1427156029,246810,Scalp SL150 TP100
2025-09-09 10:11:01,GOLD#,BUY,0.01,3646.45,3643.5,3652.5,1457338012,1427157046,246810,Scalp SL300 TP600
2025-09-09 10:11:14,GOLD#,BUY,0.02,3646.13,3644.62,3647.12,1457338368,1427157409,246810,Scalp SL150 TP100
2025-09-09 10:16:17,GOLD#,BUY,0.01,3647.46,3644.49,3653.49,1457341833,1427160647,246810,Scalp SL300 TP600
2025-09-09 10:16:18,GOLD#,BUY,0.02,3647.47,3646.09,3650.59,1457341844,1427160655,246810,Scalp SL150 TP300
2025-09-09 10:16:18,GOLD#,BUY,0.02,3647.47,3645.97,3648.47,1457341846,1427160657,246810,Scalp SL150 TP100
2025-09-09 10:16:20,GOLD#,BUY,0.01,3647.63,3644.52,3653.52,1457341853,1427160664,246810,Scalp SL300 TP600
2025-09-09 10:21:56,GOLD#,BUY,0.02,3647.03,3645.31,3649.81,1457343172,1427161787,246810,Scalp SL150 TP300
2025-09-09 10:21:56,GOLD#,BUY,0.02,3647.04,3645.58,3648.08,1457343181,1427161793,246810,Scalp SL150 TP100
2025-09-09 10:21:56,GOLD#,BUY,0.01,3647.08,3644.08,3653.08,1457343175,1427161790,246810,Scalp SL300 TP600
2025-09-09 10:34:27,GOLD#,BUY,0.02,3646.53,3645.05,3648.26,1457346903,1427165165,246810,Scalp SL150 TP171
2025-09-09 10:34:27,GOLD#,BUY,0.02,3646.57,3645.01,3649.51,1457346898,1427165160,246810,Scalp SL150 TP300
2025-09-09 10:34:27,GOLD#,BUY,0.01,3646.51,3643.54,3652.54,1457346895,1427165157,246810,Scalp SL300 TP600
2025-09-09 10:34:27,GOLD#,BUY,0.01,3646.48,3643.48,3652.48,1457346906,1427165168,246810,Scalp SL300 TP600
2025-09-09 11:01:56,GOLD#,SELL,0.01,3646.09,3649.09,3640.09,1457355266,1427172647,246810,Scalp SL300 TP600
2025-09-09 11:01:56,GOLD#,SELL,0.02,3646.12,3647.59,3644.44,1457355269,1427172650,246810,Scalp SL150 TP165
2025-09-09 11:01:56,GOLD#,SELL,0.02,3646.12,3647.62,3643.12,1457355273,1427172654,246810,Scalp SL150 TP300
2025-09-09 11:02:01,GOLD#,SELL,0.01,3645.99,3648.99,3639.99,1457355305,1427172688,246810,Scalp SL300 TP600
2025-09-09 11:02:01,GOLD#,SELL,0.02,3646.04,3647.54,3644.83,1457355310,1427172692,246810,Scalp SL150 TP121
2025-09-09 11:10:53,GOLD#,SELL,0.01,3648.4,3651.4,3642.4,1457357362,1427174619,246810,Scalp SL300 TP600
2025-09-09 11:10:53,GOLD#,SELL,0.02,3648.39,3649.89,3645.91,1457357364,1427174621,246810,Scalp SL150 TP248
2025-09-09 11:10:53,GOLD#,SELL,0.02,3648.4,3649.9,3646.73,1457357363,1427174620,246810,Scalp SL150 TP167
2025-09-09 11:13:01,GOLD#,SELL,0.02,3648.15,3649.7,3645.2,1457357764,1427175021,246810,Scalp SL150 TP300
2025-09-09 11:15:58,GOLD#,SELL,0.02,3648.58,3650.08,3646.28,1457358423,1427175644,246810,Scalp SL150 TP230
2025-09-09 12:17:05,GOLD#,BUY,0.02,3654.72,3653.24,3657.74,1457377156,1427194265,246810,Scalp SL150 TP300
2025-09-09 12:17:05,GOLD#,BUY,0.01,3654.75,3651.72,3660.72,1457377158,1427194266,246810,Scalp SL300 TP600
2025-09-09 12:17:08,GOLD#,BUY,0.02,3654.77,3653.23,3655.82,1457377180,1427194276,246810,Scalp SL150 TP109
2025-09-09 12:17:09,GOLD#,BUY,0.02,3654.74,3653.27,3656.9,1457377182,1427194278,246810,Scalp SL150 TP213
2025-09-09 12:17:09,GOLD#,BUY,0.01,3654.72,3651.74,3660.74,1457377186,1427194282,246810,Scalp SL300 TP600
2025-09-09 12:27:01,GOLD#,SELL,0.02,3654.85,3656.35,3652.6,1457380841,1427197985,246810,Scalp SL150 TP225
2025-09-09 12:27:02,GOLD#,SELL,0.01,3654.88,3657.85,3648.85,1457380844,1427197988,246810,Scalp SL300 TP600
2025-09-09 12:27:10,GOLD#,SELL,0.02,3654.84,3656.31,3651.81,1457380884,1427198027,246810,Scalp SL150 TP300
2025-09-09 12:27:15,GOLD#,SELL,0.02,3654.78,3656.28,3653.78,1457380920,1427198063,246810,Scalp SL150 TP100
2025-09-09 12:27:16,GOLD#,SELL,0.01,3654.78,3657.78,3648.78,1457380924,1427198067,246810,Scalp SL300 TP600
2025-09-09 12:55:24,GOLD#,BUY,0.02,3658.21,3656.71,3659.21,1457392358,1427209766,246810,Scalp SL150 TP100
2025-09-09 12:55:24,GOLD#,BUY,0.02,3658.16,3656.67,3659.98,1457392360,1427209768,246810,Scalp SL150 TP181
2025-09-09 12:55:24,GOLD#,BUY,0.01,3658.16,3655.16,3664.16,1457392361,1427209769,246810,Scalp SL300 TP600
2025-09-09 12:55:24,GOLD#,BUY,0.01,3658.2,3655.2,3664.2,1457392363,1427209771,246810,Scalp SL300 TP600
2025-09-09 12:55:26,GOLD#,BUY,0.02,3658.19,3656.69,3661.19,1457392368,1427209776,246810,Scalp SL150 TP300
2025-09-09 13:01:45,GOLD#,SELL,0.02,3654.6,3656.1,3651.85,1457396525,1427213986,246810,Scalp SL150 TP275
2025-09-09 13:01:45,GOLD#,SELL,0.01,3654.55,3657.53,3648.53,1457396519,1427213980,246810,Scalp SL300 TP600
2025-09-09 13:01:45,GOLD#,SELL,0.02,3654.6,3656.1,3651.6,1457396529,1427213990,246810,Scalp SL150 TP300
2025-09-09 13:01:45,GOLD#,SELL,0.01,3654.54,3657.6,3648.6,1457396531,1427213992,246810,Scalp SL300 TP600
2025-09-09 13:01:45,GOLD#,SELL,0.02,3654.54,3656.04,3652.1,1457396537,1427213998,246810,Scalp SL150 TP244
2025-09-09 13:11:03,GOLD#,SELL,0.02,3641.9,3643.43,3638.93,1457409331,1427226879,246810,Scalp SL150 TP300
2025-09-09 13:11:03,GOLD#,SELL,0.01,3641.27,3644.48,3635.48,1457409350,1427226898,246810,Scalp SL300 TP600
2025-09-09 13:11:03,GOLD#,SELL,0.02,3641.85,3643.4,3640.29,1457409339,1427226887,246810,Scalp SL150 TP161
2025-09-09 13:15:13,GOLD#,SELL,0.02,3643.53,3644.75,3640.51,1457412999,1427230495,246810,Scalp SL150 TP274
2025-09-09 13:18:53,GOLD#,SELL,0.02,3642.54,3644.06,3639.56,1457415852,1427233268,246810,Scalp SL150 TP300
2025-09-09 13:18:55,GOLD#,SELL,0.01,3642.45,3645.45,3636.45,1457415860,1427233278,246810,Scalp SL300 TP600
2025-09-09 13:18:55,GOLD#,SELL,0.02,3642.52,3643.95,3639.45,1457415863,1427233281,246810,Scalp SL150 TP300
2025-09-09 13:18:55,GOLD#,SELL,0.02,3642.52,3644.02,3641.08,1457415867,1427233285,246810,Scalp SL150 TP144
2025-09-09 13:18:55,GOLD#,SELL,0.01,3642.58,3645.56,3636.56,1457415873,1427233291,246810,Scalp SL300 TP600
2025-09-09 13:20:09,GOLD#,SELL,0.02,3642.61,3644.09,3640.15,1457416625,1427234022,246810,Scalp SL150 TP244
2025-09-09 13:20:09,GOLD#,SELL,0.01,3642.44,3645.61,3636.61,1457416627,1427234024,246810,Scalp SL300 TP600
2025-09-09 13:20:09,GOLD#,SELL,0.02,3642.59,3644.09,3639.59,1457416621,1427234018,246810,Scalp SL150 TP300
2025-09-09 13:20:09,GOLD#,SELL,0.01,3642.41,3645.44,3636.44,1457416630,1427234027,246810,Scalp SL300 TP600
2025-09-09 13:20:09,GOLD#,SELL,0.02,3642.41,3643.91,3639.41,1457416641,1427234036,246810,Scalp SL150 TP300
2025-09-09 13:31:07,GOLD#,SELL,0.02,3638.5,3639.99,3635.49,1457423960,1427241336,246810,Scalp SL150 TP300
2025-09-09 13:31:07,GOLD#,SELL,0.01,3638.5,3641.5,3632.5,1457423963,1427241339,246810,Scalp SL300 TP600
2025-09-09 13:49:23,GOLD#,BUY,0.01,3648.1,3645.05,3654.05,1457434741,1427251928,246810,Scalp SL300 TP600
2025-09-09 13:49:23,GOLD#,BUY,0.02,3647.91,3646.6,3651.1,1457434749,1427251935,246810,Scalp SL150 TP300
2025-09-09 13:49:24,GOLD#,BUY,0.02,3647.82,3646.33,3649.32,1457434778,1427251957,246810,Scalp SL150 TP149
2025-09-09 13:52:39,GOLD#,BUY,0.01,3647.93,3644.93,3653.93,1457436199,1427253306,246810,Scalp SL300 TP600
2025-09-09 13:52:39,GOLD#,BUY,0.02,3647.89,3646.48,3650.98,1457436202,1427253310,246810,Scalp SL150 TP300
2025-09-09 13:52:39,GOLD#,BUY,0.02,3647.17,3645.66,3650.16,1457436206,1427253317,246810,Scalp SL150 TP300
2025-09-09 13:55:53,GOLD#,BUY,0.02,3648.16,3646.52,3651.02,1457437358,1427254350,246810,Scalp SL150 TP300
2025-09-09 13:55:53,GOLD#,BUY,0.01,3648.23,3645.23,3654.23,1457437384,1427254414,246810,Scalp SL300 TP600
2025-09-09 14:09:07,GOLD#,BUY,0.02,3647.42,3645.92,3650.42,1457444744,1427261619,246810,Scalp SL150 TP300
2025-09-09 14:09:07,GOLD#,BUY,0.02,3647.42,3645.92,3650.42,1457444751,1427261626,246810,Scalp SL150 TP300
2025-09-09 14:09:07,GOLD#,BUY,0.01,3647.42,3644.42,3653.42,1457444747,1427261622,246810,Scalp SL300 TP600
2025-09-09 14:19:25,GOLD#,BUY,0.02,3646.1,3644.61,3649.11,1457448311,1427265135,246810,Scalp SL150 TP300
2025-09-09 14:19:25,GOLD#,BUY,0.01,3646.11,3643.12,3652.12,1457448303,1427265127,246810,Scalp SL300 TP600
2025-09-09 14:19:25,GOLD#,BUY,0.02,3646.07,3644.57,3648.65,1457448315,1427265139,246810,Scalp SL150 TP258
2025-09-09 14:19:27,GOLD#,BUY,0.02,3646.07,3644.57,3649.07,1457448329,1427265153,246810,Scalp SL150 TP300
2025-09-09 14:19:55,GOLD#,BUY,0.01,3646.6,3643.6,3652.6,1457448606,1427265425,246810,Scalp SL300 TP600
2025-09-09 14:23:46,GOLD#,BUY,0.02,3648.84,3647.29,3651.79,1457450471,1427267293,246810,Scalp SL150 TP300
2025-09-09 14:45:06,GOLD#,BUY,0.02,3645.21,3643.82,3648.32,1457462108,1427278809,246810,Scalp SL150 TP300
2025-09-09 14:45:06,GOLD#,BUY,0.02,3645.18,3643.71,3648.21,1457462111,1427278812,246810,Scalp SL150 TP300
2025-09-09 14:45:08,GOLD#,BUY,0.02,3645.34,3643.84,3648.34,1457462127,1427278827,246810,Scalp SL150 TP300
2025-09-09 14:45:08,GOLD#,BUY,0.02,3645.31,3643.84,3647.18,1457462133,1427278833,246810,Scalp SL150 TP184
2025-09-09 14:45:08,GOLD#,BUY,0.02,3645.34,3643.84,3646.34,1457462129,1427278829,246810,Scalp SL150 TP100
2025-09-09 14:49:57,GOLD#,BUY,0.02,3644.88,3643.38,3647.88,1457465482,1427282098,246810,Scalp SL150 TP300
2025-09-09 14:49:57,GOLD#,BUY,0.01,3644.88,3641.88,3650.88,1457465484,1427282100,246810,Scalp SL300 TP600
2025-09-09 14:49:57,GOLD#,BUY,0.01,3644.87,3641.85,3650.85,1457465487,1427282104,246810,Scalp SL300 TP600
2025-09-09 14:58:17,GOLD#,BUY,0.02,3643.81,3642.31,3644.98,1457468778,1427285317,246810,Scalp SL150 TP117
2025-09-09 14:58:17,GOLD#,BUY,0.02,3643.8,3642.3,3646.8,1457468783,1427285322,246810,Scalp SL150 TP300
2025-09-09 14:58:17,GOLD#,BUY,0.01,3643.79,3640.85,3649.85,1457468782,1427285321,246810,Scalp SL300 TP600
2025-09-09 14:58:17,GOLD#,BUY,0.02,3643.81,3642.31,3645.48,1457468780,1427285319,246810,Scalp SL150 TP167
2025-09-09 14:58:26,GOLD#,BUY,0.02,3644.19,3642.69,3647.19,1457468816,1427285357,246810,Scalp SL150 TP300
2025-09-09 15:00:37,GOLD#,BUY,0.01,3645.25,3642.25,3651.25,1457469760,1427286302,246810,Scalp SL300 TP600
2025-09-09 15:05:21,GOLD#,BUY,0.02,3644.85,3643.35,3647.39,1457471947,1427288504,246810,Scalp SL150 TP254
2025-09-09 15:05:21,GOLD#,BUY,0.02,3644.8,3643.34,3647.84,1457471949,1427288506,246810,Scalp SL150 TP300
2025-09-09 15:05:21,GOLD#,BUY,0.01,3644.8,3641.8,3650.8,1457471950,1427288507,246810,Scalp SL300 TP600
2025-09-09 15:05:21,GOLD#,BUY,0.02,3644.85,3643.35,3645.85,1457471945,1427288502,246810,Scalp SL150 TP100
2025-09-09 15:09:24,GOLD#,SELL,0.02,3644.02,3645.45,3642.48,1457473766,1427290320,246810,Scalp SL150 TP147
2025-09-09 15:09:25,GOLD#,SELL,0.02,3644.0,3645.51,3641.01,1457473770,1427290325,246810,Scalp SL150 TP300
2025-09-09 15:09:25,GOLD#,SELL,0.01,3644.1,3647.05,3638.05,1457473774,1427290331,246810,Scalp SL300 TP600
2025-09-09 15:09:25,GOLD#,SELL,0.02,3644.09,3645.6,3643.1,1457473780,1427290338,246810,Scalp SL150 TP100
2025-09-09 15:14:33,GOLD#,SELL,0.02,3642.75,3644.21,3640.55,1457476152,1427292603,246810,Scalp SL150 TP216
2025-09-09 15:15:07,GOLD#,BUY,0.02,3643.05,3641.53,3646.02,1457476405,1427292836,246810,Scalp SL150 TP299
2025-09-09 15:15:07,GOLD#,BUY,0.02,3642.86,3641.39,3645.89,1457476403,1427292834,246810,Scalp SL150 TP300
2025-09-09 15:18:05,GOLD#,BUY,0.02,3644.4,3642.91,3646.83,1457478009,1427294474,246810,Scalp SL150 TP242
2025-09-09 15:18:05,GOLD#,BUY,0.02,3644.28,3642.9,3647.4,1457478011,1427294475,246810,Scalp SL150 TP300
2025-09-09 15:18:05,GOLD#,BUY,0.01,3644.24,3641.19,3650.19,1457478017,1427294481,246810,Scalp SL300 TP600
2025-09-09 15:19:03,GOLD#,SELL,0.02,3643.35,3644.92,3642.42,1457478273,1427294712,246810,Scalp SL150 TP100
2025-09-09 15:21:30,GOLD#,SELL,0.01,3642.82,3645.81,3636.81,1457478898,1427295289,246810,Scalp SL300 TP600
2025-09-09 15:21:30,GOLD#,SELL,0.02,3642.82,3644.32,3641.31,1457478897,1427295288,246810,Scalp SL150 TP151
2025-09-09 15:21:30,GOLD#,SELL,0.02,3642.84,3644.34,3639.84,1457478895,1427295286,246810,Scalp SL150 TP300
2025-09-09 15:23:09,GOLD#,BUY,0.02,3644.23,3642.92,3646.08,1457479473,1427295843,246810,Scalp SL150 TP166
2025-09-09 15:23:09,GOLD#,BUY,0.02,3644.26,3642.75,3645.48,1457479482,1427295852,246810,Scalp SL150 TP123
2025-09-09 15:26:26,GOLD#,BUY,0.02,3645.2,3643.7,3648.2,1457480672,1427297045,246810,Scalp SL150 TP300
2025-09-09 15:26:26,GOLD#,BUY,0.02,3645.12,3643.62,3646.12,1457480668,1427297040,246810,Scalp SL150 TP100
2025-09-09 15:26:26,GOLD#,BUY,0.02,3645.2,3643.69,3646.21,1457480671,1427297044,246810,Scalp SL150 TP102
2025-09-09 15:26:26,GOLD#,BUY,0.01,3645.29,3642.3,3651.3,1457480675,1427297048,246810,Scalp SL300 TP600
2025-09-09 15:26:56,GOLD#,BUY,0.02,3645.93,3644.43,3646.93,1457480891,1427297272,246810,Scalp SL150 TP100
2025-09-09 15:27:00,GOLD#,BUY,0.02,3646.17,3644.67,3649.17,1457480953,1427297341,246810,Scalp SL150 TP300
2025-09-09 15:27:32,GOLD#,BUY,0.02,3646.21,3644.77,3649.27,1457481250,1427297619,246810,Scalp SL150 TP300
2025-09-09 15:30:03,GOLD#,BUY,0.02,3645.59,3644.09,3648.59,1457482412,1427298785,246810,Scalp SL150 TP300
2025-09-09 15:30:03,GOLD#,BUY,0.01,3645.68,3642.68,3651.68,1457482418,1427298791,246810,Scalp SL300 TP600
2025-09-09 15:31:06,GOLD#,BUY,0.01,3644.63,3641.63,3650.63,1457482814,1427299205,246810,Scalp SL300 TP600
2025-09-09 15:31:06,GOLD#,BUY,0.02,3644.64,3643.14,3647.64,1457482945,1427299336,246810,Scalp SL150 TP300
2025-09-09 15:31:06,GOLD#,BUY,0.02,3644.55,3643.09,3645.59,1457482951,1427299341,246810,Scalp SL150 TP100
2025-09-09 15:32:03,GOLD#,BUY,0.01,3645.82,3642.82,3651.82,1457483395,1427299786,246810,Scalp SL300 TP600
2025-09-09 15:32:27,GOLD#,BUY,0.02,3646.07,3644.54,3649.04,1457483553,1427299927,246810,Scalp SL150 TP300
2025-09-09 15:32:40,GOLD#,BUY,0.02,3645.94,3644.37,3647.98,1457483625,1427299998,246810,Scalp SL150 TP211
2025-09-09 15:38:18,GOLD#,BUY,0.02,3646.53,3645.08,3648.1,1457485915,1427302277,246810,Scalp SL150 TP152
2025-09-09 15:38:18,GOLD#,BUY,0.01,3646.47,3643.47,3652.47,1457485919,1427302281,246810,Scalp SL300 TP600
2025-09-09 15:50:15,GOLD#,BUY,0.01,3649.14,3646.15,3655.15,1457492933,1427309210,246810,Scalp SL300 TP600
2025-09-09 15:50:15,GOLD#,BUY,0.02,3648.89,3647.39,3651.89,1457492920,1427309198,246810,Scalp SL150 TP300
2025-09-09 15:50:15,GOLD#,BUY,0.02,3648.9,3647.39,3651.89,1457492925,1427309203,246810,Scalp SL150 TP300
2025-09-09 15:50:15,GOLD#,BUY,0.02,3648.9,3647.4,3651.53,1457492928,1427309206,246810,Scalp SL150 TP263
2025-09-09 15:58:19,GOLD#,BUY,0.01,3648.74,3645.74,3654.74,1457496601,1427312879,246810,Scalp SL300 TP600
2025-09-09 15:58:29,GOLD#,BUY,0.02,3648.74,3647.24,3649.74,1457496656,1427312930,246810,Scalp SL150 TP100
2025-09-09 15:58:30,GOLD#,BUY,0.02,3648.77,3647.28,3650.51,1457496658,1427312932,246810,Scalp SL150 TP173
2025-09-09 15:58:30,GOLD#,BUY,0.01,3648.78,3645.78,3654.78,1457496659,1427312933,246810,Scalp SL300 TP600
2025-09-09 16:03:39,GOLD#,SELL,0.01,3649.75,3652.75,3643.75,1457498420,1427314639,246810,Scalp SL300 TP600
2025-09-09 16:03:39,GOLD#,SELL,0.02,3649.75,3651.25,3647.05,1457498422,1427314641,246810,Scalp SL150 TP270
2025-09-09 16:04:10,GOLD#,SELL,0.01,3649.13,3652.13,3643.13,1457498586,1427314795,246810,Scalp SL300 TP600
2025-09-09 16:05:10,GOLD#,SELL,0.02,3649.1,3650.52,3647.84,1457498838,1427315057,246810,Scalp SL150 TP118
2025-09-09 16:05:11,GOLD#,SELL,0.02,3648.72,3650.22,3647.72,1457498844,1427315063,246810,Scalp SL150 TP100
2025-09-09 16:28:58,GOLD#,SELL,0.01,3654.13,3657.13,3648.13,1457511905,1427327086,246810,Scalp SL300 TP600
2025-09-09 16:31:24,GOLD#,SELL,0.01,3654.21,3657.21,3648.21,1457513340,1427328387,246810,Scalp SL300 TP600
2025-09-09 16:39:47,GOLD#,SELL,0.01,3654.12,3657.16,3648.16,1457516862,1427331433,246810,Scalp SL300 TP600
2025-09-09 16:40:29,GOLD#,SELL,0.01,3653.91,3656.92,3647.92,1457517117,1427331647,246810,Scalp SL300 TP600
2025-09-09 16:44:22,GOLD#,SELL,0.01,3653.73,3656.73,3647.73,1457518485,1427332733,246810,Scalp SL300 TP600
2025-09-09 18:05:12,GOLD#,SELL,0.05,3652.91,3657.9,3642.9,1457548071,1427361342,246810,Scalp SL500 TP1000
2025-09-09 18:09:17,GOLD#,SELL,0.05,3653.16,3658.16,3643.16,1457549119,1427362384,246810,Scalp SL500 TP1000
2025-09-09 18:09:47,GOLD#,SELL,0.05,3652.65,3657.8,3642.8,1457549167,1427362435,246810,Scalp SL500 TP1000
2025-09-09 18:11:40,GOLD#,SELL,0.01,3653.7,3656.7,3647.7,1457549946,1427363190,246810,Scalp SL300 TP600
2025-09-09 18:12:09,GOLD#,SELL,0.05,3653.17,3658.15,3643.15,1457550011,1427363243,246810,Scalp SL500 TP1000
2025-09-09 19:04:07,GOLD#,SELL,0.01,3650.38,3653.38,3644.38,1457571830,1427385206,246810,Scalp SL300 TP600
2025-09-09 19:17:15,GOLD#,BUY,0.01,3653.13,3650.13,3659.13,1457578458,1427391805,246810,Scalp SL300 TP600
2025-09-09 19:26:23,GOLD#,BUY,0.05,3649.98,3644.87,3659.87,1457584960,1427398372,246810,Scalp SL500 TP1000
2025-09-09 19:27:25,GOLD#,BUY,0.05,3649.6,3644.59,3659.59,1457585595,1427399022,246810,Scalp SL500 TP1000
2025-09-09 19:27:59,GOLD#,BUY,0.05,3649.51,3644.51,3659.51,1457586133,1427399570,246810,Scalp SL500 TP1000
2025-09-09 19:28:21,GOLD#,SELL,0.01,3649.43,3652.43,3643.43,1457586515,1427399962,246810,Scalp SL300 TP600
2025-09-09 19:28:30,GOLD#,BUY,0.05,3650.16,3645.09,3660.09,1457586669,1427400118,246810,Scalp SL500 TP1000
2025-09-09 19:42:09,GOLD#,BUY,0.05,3647.15,3642.01,3657.01,1457598874,1427412413,246810,Scalp SL500 TP1000
2025-09-09 19:42:41,GOLD#,BUY,0.05,3646.7,3641.76,3656.76,1457599967,1427413503,246810,Scalp SL500 TP1000
2025-09-09 19:43:26,GOLD#,BUY,0.05,3646.7,3641.69,3656.69,1457600468,1427414002,246810,Scalp SL500 TP1000
2025-09-09 19:56:24,GOLD#,SELL,0.01,3648.19,3651.2,3642.2,1457608831,1427422371,246810,Scalp SL300 TP600
2025-09-09 20:03:25,GOLD#,BUY,0.05,3649.85,3645.01,3660.01,1457612073,1427425561,246810,Scalp SL500 TP1000
2025-09-09 20:07:34,GOLD#,SELL,0.01,3649.82,3652.94,3643.94,1457616675,1427430183,246810,Scalp SL300 TP600
2025-09-09 20:09:04,GOLD#,SELL,0.01,3649.53,3652.36,3643.36,1457617557,1427431057,246810,Scalp SL300 TP600
2025-09-09 20:16:53,GOLD#,SELL,0.05,3653.25,3658.26,3643.26,1457624886,1427438388,246810,Scalp SL500 TP1000
2025-09-09 20:20:33,GOLD#,SELL,0.05,3653.91,3658.95,3643.95,1457627446,1427440915,246810,Scalp SL500 TP1000
2025-09-09 20:42:03,GOLD#,BUY,0.01,3661.88,3659.04,3668.04,1457656404,1427469540,246810,Scalp SL300 TP600
2025-09-09 21:04:06,GOLD#,SELL,0.05,3655.36,3659.96,3644.96,1457684180,1427496431,246810,Scalp SL500 TP1000
2025-09-09 21:10:14,GOLD#,BUY,0.05,3648.66,3643.36,3658.36,1457700582,1427512680,246810,Scalp SL500 TP1000
2025-09-09 21:10:45,GOLD#,BUY,0.05,3649.73,3644.64,3659.64,1457701243,1427513311,246810,Scalp SL500 TP1000
2025-09-09 21:14:26,GOLD#,BUY,0.05,3649.44,3644.21,3659.21,1457705273,1427517129,246810,Scalp SL500 TP1000
2025-09-09 21:20:01,GOLD#,BUY,0.01,3649.85,3646.88,3655.88,1457712537,1427524137,246810,Scalp SL300 TP600
2025-09-09 21:20:02,GOLD#,BUY,0.05,3649.8,3644.8,3659.8,1457712544,1427524143,246810,Scalp SL500 TP1000
2025-09-09 21:20:52,GOLD#,BUY,0.05,3648.36,3643.42,3658.42,1457713803,1427525379,246810,Scalp SL500 TP1000
2025-09-09 21:20:55,GOLD#,BUY,0.01,3648.3,3645.46,3654.46,1457713835,1427525409,246810,Scalp SL300 TP600
2025-09-09 21:21:23,GOLD#,BUY,0.05,3648.6,3643.46,3658.46,1457714165,1427525707,246810,Scalp SL500 TP1000
2025-09-09 21:21:54,GOLD#,BUY,0.05,3648.85,3643.91,3658.91,1457714727,1427526230,246810,Scalp SL500 TP1000
2025-09-09 21:28:30,GOLD#,BUY,0.05,3652.43,3647.42,3662.42,1457721686,1427532974,246810,Scalp SL500 TP1000
2025-09-09 21:32:10,GOLD#,BUY,0.01,3644.86,3641.89,3650.89,1457727323,1427538537,246810,Scalp SL300 TP600
2025-09-09 21:40:34,GOLD#,BUY,0.01,3644.99,3642.07,3651.07,1457742188,1427553342,246810,Scalp SL300 TP600
2025-09-09 21:41:26,GOLD#,BUY,0.01,3645.04,3642.07,3651.07,1457743508,1427554621,246810,Scalp SL300 TP600
2025-09-09 21:43:05,GOLD#,BUY,0.01,3645.08,3642.23,3651.23,1457744511,1427555609,246810,Scalp SL300 TP600
2025-09-09 21:50:23,GOLD#,BUY,0.01,3644.59,3641.53,3650.53,1457752104,1427563264,246810,Scalp SL300 TP600
2025-09-09 21:50:53,GOLD#,BUY,0.01,3645.2,3642.22,3651.22,1457752264,1427563416,246810,Scalp SL300 TP600
2025-09-09 21:51:23,GOLD#,BUY,0.01,3645.23,3642.21,3651.21,1457752492,1427563633,246810,Scalp SL300 TP600
2025-09-09 21:52:02,GOLD#,BUY,0.01,3644.36,3641.4,3650.4,1457752700,1427563817,246810,Scalp SL300 TP600
2025-09-09 21:54:23,GOLD#,BUY,0.01,3645.29,3642.29,3651.29,1457755373,1427566421,246810,Scalp SL300 TP600
2025-09-09 21:54:59,GOLD#,BUY,0.01,3645.71,3642.65,3651.65,1457755999,1427567029,246810,Scalp SL300 TP600
2025-09-09 22:09:12,GOLD#,SELL,0.01,3641.85,3644.72,3635.72,1457768706,1427579356,246810,Scalp SL300 TP600
2025-09-09 22:09:54,GOLD#,SELL,0.01,3641.88,3644.87,3635.87,1457769238,1427579871,246810,Scalp SL300 TP600
2025-09-09 22:25:06,GOLD#,SELL,0.01,3639.35,3642.29,3633.29,1457791395,1427602135,246810,Scalp SL300 TP600
2025-09-09 22:26:38,GOLD#,SELL,0.01,3639.24,3642.22,3633.22,1457792144,1427602876,246810,Scalp SL300 TP600
2025-09-09 22:28:12,GOLD#,SELL,0.01,3640.38,3643.32,3634.32,1457793159,1427603845,246810,Scalp SL300 TP600
2025-09-09 22:30:03,GOLD#,SELL,0.01,3640.33,3643.27,3634.27,1457793901,1427604526,246810,Scalp SL300 TP600
2025-09-09 22:30:33,GOLD#,SELL,0.01,3640.09,3643.09,3634.09,1457794157,1427604779,246810,Scalp SL300 TP600
2025-09-09 22:39:04,GOLD#,BUY,0.01,3638.91,3635.99,3644.99,1457800297,1427610855,246810,Scalp SL300 TP600
2025-09-09 22:39:57,GOLD#,BUY,0.01,3638.74,3635.74,3644.74,1457800597,1427611155,246810,Scalp SL300 TP600
2025-09-09 22:42:11,GOLD#,SELL,0.01,3641.01,3644.22,3635.22,1457802601,1427613150,246810,Scalp SL300 TP600
2025-09-09 22:45:04,GOLD#,SELL,0.05,3643.42,3648.4,3633.4,1457805050,1427615508,246810,Scalp SL500 TP1000
2025-09-09 22:58:15,GOLD#,SELL,0.01,3643.29,3646.29,3637.29,1457811289,1427621288,246810,Scalp SL300 TP600
2025-09-09 23:46:32,GOLD#,BUY,0.05,3645.51,3639.52,3657.52,1457834899,1427644490,246810,Scalp SL600 TP1200
2025-09-10 00:08:25,GOLD#,BUY,0.05,3644.71,3638.71,3656.71,1457841111,1427650706,246810,Scalp SL600 TP1200
2025-09-10 00:09:26,GOLD#,BUY,0.05,3645.45,3639.44,3657.44,1457841846,1427651450,246810,Scalp SL600 TP1200
2025-09-10 00:18:56,GOLD#,BUY,0.05,3644.15,3638.17,3656.17,1457845338,1427654948,246810,Scalp SL600 TP1200
2025-09-10 00:20:00,GOLD#,BUY,0.05,3644.23,3638.23,3656.23,1457845949,1427655562,246810,Scalp SL600 TP1200
2025-09-10 06:35:10,GOLD#,BUY,0.05,3637.5,3631.52,3649.52,1457913578,1427727671,246810,Scalp SL600 TP1200
2025-09-15 21:02:03,GOLD#,BUY,0.02,3654.57,3653.04,3657.54,1459912081,1429717248,246810,Scalp SL150 TP300
2025-09-15 21:02:04,GOLD#,BUY,0.02,3654.67,3653.23,3657.73,1459912103,1429717271,246810,Scalp SL150 TP300
2025-09-15 21:02:04,GOLD#,BUY,0.02,3654.72,3653.07,3657.0,1459912095,1429717263,246810,Scalp SL150 TP243
2025-09-15 21:04:22,GOLD#,SELL,0.02,3658.84,3660.33,3655.83,1459914420,1429719546,246810,Scalp SL150 TP300
2025-09-15 21:04:22,GOLD#,SELL,0.02,3658.85,3660.35,3657.67,1459914423,1429719549,246810,Scalp SL150 TP118
2025-09-15 21:04:38,GOLD#,SELL,0.02,3658.78,3660.25,3656.45,1459914582,1429719715,246810,Scalp SL150 TP230
2025-09-15 21:08:22,GOLD#,SELL,0.02,3658.86,3660.32,3656.68,1459917154,1429722237,246810,Scalp SL150 TP214
2025-09-15 21:08:22,GOLD#,SELL,0.02,3658.78,3660.24,3655.74,1459917151,1429722235,246810,Scalp SL150 TP300
2025-09-15 21:08:22,GOLD#,SELL,0.02,3658.82,3660.35,3656.63,1459917157,1429722241,246810,Scalp SL150 TP222
2025-09-15 21:09:32,GOLD#,SELL,0.02,3658.66,3660.2,3657.61,1459917795,1429722855,246810,Scalp SL150 TP109
2025-09-15 21:09:32,GOLD#,SELL,0.02,3658.76,3660.15,3655.65,1459917797,1429722857,246810,Scalp SL150 TP300
2025-09-15 21:10:35,GOLD#,SELL,0.02,3659.49,3660.99,3657.98,1459918555,1429723637,246810,Scalp SL150 TP151
2025-09-15 21:10:35,GOLD#,SELL,0.02,3659.4,3660.99,3656.67,1459918563,1429723644,246810,Scalp SL150 TP282
2025-09-15 21:10:35,GOLD#,SELL,0.02,3659.49,3660.99,3656.49,1459918559,1429723641,246810,Scalp SL150 TP300
2025-09-15 21:12:12,GOLD#,SELL,0.02,3659.62,3661.08,3658.11,1459919685,1429724749,246810,Scalp SL150 TP147
2025-09-15 21:12:12,GOLD#,SELL,0.02,3659.65,3661.13,3657.02,1459919689,1429724753,246810,Scalp SL150 TP261
2025-09-15 21:13:40,GOLD#,SELL,0.02,3660.03,3661.71,3659.21,1459920811,1429725850,246810,Scalp SL150 TP100
2025-09-15 21:13:40,GOLD#,SELL,0.02,3660.02,3661.53,3658.3,1459920814,1429725853,246810,Scalp SL150 TP173
2025-09-15 21:13:40,GOLD#,SELL,0.02,3660.02,3661.52,3657.02,1459920818,1429725857,246810,Scalp SL150 TP300
2025-09-15 21:15:06,GOLD#,SELL,0.02,3660.03,3661.52,3657.02,1459921375,1429726387,246810,Scalp SL150 TP300
2025-09-15 21:34:02,GOLD#,SELL,0.02,3659.65,3661.06,3656.56,1459928637,1429733572,246810,Scalp SL150 TP300
2025-09-15 21:34:03,GOLD#,SELL,0.02,3659.63,3661.08,3658.51,1459928639,1429733575,246810,Scalp SL150 TP107
2025-09-15 21:34:04,GOLD#,SELL,0.02,3659.62,3661.1,3658.12,1459928642,1429733579,246810,Scalp SL150 TP148
2025-09-15 21:37:13,GOLD#,SELL,0.02,3659.66,3661.16,3658.66,1459929725,1429734650,246810,Scalp SL150 TP100
2025-09-15 21:37:14,GOLD#,SELL,0.02,3659.68,3661.16,3656.66,1459929728,1429734653,246810,Scalp SL150 TP300
2025-09-15 21:41:04,GOLD#,SELL,0.02,3660.33,3661.88,3659.38,1459931703,1429736580,246810,Scalp SL150 TP100
2025-09-15 21:41:04,GOLD#,SELL,0.02,3660.33,3661.83,3657.33,1459931708,1429736584,246810,Scalp SL150 TP300
2025-09-15 21:41:04,GOLD#,SELL,0.02,3660.4,3661.83,3657.92,1459931709,1429736586,246810,Scalp SL150 TP241
2025-09-15 21:41:35,GOLD#,SELL,0.02,3660.33,3661.83,3659.33,1459931966,1429736847,246810,Scalp SL150 TP100
2025-09-15 21:41:35,GOLD#,SELL,0.02,3660.33,3661.83,3657.33,1459931973,1429736852,246810,Scalp SL150 TP300
2025-09-15 21:42:41,GOLD#,BUY,0.02,3659.74,3658.22,3660.72,1459932780,1429737659,246810,Scalp SL150 TP100
2025-09-15 21:42:41,GOLD#,BUY,0.02,3659.72,3658.28,3662.78,1459932772,1429737651,246810,Scalp SL150 TP300
2025-09-15 22:06:20,GOLD#,BUY,0.02,3664.93,3663.4,3666.36,1459944248,1429749110,246810,Scalp SL150 TP146
2025-09-15 22:06:20,GOLD#,BUY,0.02,3664.84,3663.37,3667.87,1459944250,1429749112,246810,Scalp SL150 TP300
2025-09-15 22:06:22,GOLD#,BUY,0.02,3664.88,3663.4,3667.9,1459944255,1429749117,246810,Scalp SL150 TP300
2025-09-15 22:19:09,GOLD#,BUY,0.02,3664.73,3663.23,3667.73,1459950434,1429755222,246810,Scalp SL150 TP300
2025-09-15 22:19:09,GOLD#,BUY,0.02,3664.73,3663.23,3666.7,1459950435,1429755223,246810,Scalp SL150 TP197
2025-09-15 22:19:09,GOLD#,BUY,0.02,3664.73,3663.23,3667.73,1459950437,1429755226,246810,Scalp SL150 TP300
2025-09-15 23:01:05,GOLD#,BUY,0.02,3678.16,3676.65,3681.15,1459978318,1429783328,246810,Scalp SL150 TP300
2025-09-15 23:01:05,GOLD#,BUY,0.02,3678.57,3676.7,3680.72,1459978320,1429783331,246810,Scalp SL150 TP252
2025-09-15 23:12:13,GOLD#,BUY,0.02,3681.47,3679.96,3684.46,1459985585,1429790630,246810,Scalp SL150 TP300
2025-09-15 23:12:13,GOLD#,BUY,0.02,3681.63,3680.06,3684.56,1459985589,1429790634,246810,Scalp SL150 TP300
2025-09-15 23:12:13,GOLD#,BUY,0.02,3681.56,3680.03,3683.63,1459985588,1429790633,246810,Scalp SL150 TP210
2025-09-15 23:15:20,GOLD#,BUY,0.02,3681.02,3679.52,3684.02,1459987390,1429792432,246810,Scalp SL150 TP300
2025-09-15 23:15:20,GOLD#,BUY,0.02,3680.99,3679.51,3682.91,1459987393,1429792435,246810,Scalp SL150 TP190
2025-09-15 23:15:20,GOLD#,BUY,0.02,3681.01,3679.51,3684.01,1459987392,1429792434,246810,Scalp SL150 TP300
2025-09-15 23:18:12,GOLD#,BUY,0.02,3681.35,3679.83,3684.33,1459988430,1429793455,246810,Scalp SL150 TP300
2025-09-15 23:18:12,GOLD#,BUY,0.02,3681.37,3679.85,3684.02,1459988431,1429793456,246810,Scalp SL150 TP267
2025-09-15 23:54:18,GOLD#,SELL,0.02,3680.48,3681.98,3678.4,1460010925,1429815863,246810,Scalp SL150 TP208
2025-09-15 23:54:18,GOLD#,SELL,0.02,3680.48,3681.98,3678.97,1460010930,1429815868,246810,Scalp SL150 TP151
2025-09-15 23:54:18,GOLD#,SELL,0.02,3680.48,3681.98,3677.48,1460010922,1429815859,246810,Scalp SL150 TP300
2025-09-15 23:54:49,GOLD#,SELL,0.02,3680.04,3681.67,3678.09,1460011239,1429816176,246810,Scalp SL150 TP208
2025-09-15 23:54:49,GOLD#,SELL,0.02,3680.25,3681.72,3678.97,1460011240,1429816177,246810,Scalp SL150 TP125
2025-09-15 23:57:07,GOLD#,SELL,0.02,3679.97,3681.47,3676.97,1460012570,1429817409,246810,Scalp SL150 TP300
2025-09-15 23:57:07,GOLD#,SELL,0.02,3679.97,3681.47,3678.81,1460012533,1429817376,246810,Scalp SL150 TP116
2025-09-15 23:57:07,GOLD#,SELL,0.02,3679.97,3681.47,3678.97,1460012515,1429817357,246810,Scalp SL150 TP100
2025-09-15 23:57:38,GOLD#,SELL,0.02,3679.67,3681.15,3678.65,1460012740,1429817614,246810,Scalp SL150 TP100
2025-09-16 00:04:20,GOLD#,SELL,0.02,3680.46,3681.96,3679.37,1460014332,1429819138,246810,Scalp SL150 TP109
2025-09-16 00:07:40,GOLD#,SELL,0.02,3679.15,3680.81,3678.23,1460015170,1429819963,246810,Scalp SL150 TP108
2025-09-16 00:07:55,GOLD#,BUY,0.02,3680.85,3679.33,3683.83,1460015224,1429820024,246810,Scalp SL150 TP300
2025-09-16 00:09:06,GOLD#,BUY,0.02,3681.44,3679.94,3684.44,1460015611,1429820403,246810,Scalp SL150 TP300
2025-09-16 00:09:06,GOLD#,BUY,0.02,3681.49,3679.99,3683.75,1460015613,1429820405,246810,Scalp SL150 TP226
2025-09-16 00:09:06,GOLD#,BUY,0.02,3681.49,3679.96,3684.46,1460015612,1429820404,246810,Scalp SL150 TP300
2025-09-16 00:09:36,GOLD#,BUY,0.02,3681.8,3680.3,3684.8,1460015726,1429820525,246810,Scalp SL150 TP300
2025-09-16 00:12:08,GOLD#,BUY,0.02,3680.97,3679.46,3683.96,1460016545,1429821342,246810,Scalp SL150 TP300
2025-09-16 00:14:36,GOLD#,SELL,0.02,3679.88,3681.34,3677.25,1460017062,1429821849,246810,Scalp SL150 TP259
2025-09-16 00:14:36,GOLD#,SELL,0.02,3679.87,3681.38,3678.88,1460017064,1429821851,246810,Scalp SL150 TP100
2025-09-16 00:14:36,GOLD#,SELL,0.02,3679.82,3681.37,3676.87,1460017068,1429821855,246810,Scalp SL150 TP300
2025-09-16 00:15:06,GOLD#,SELL,0.02,3679.47,3680.97,3677.77,1460017293,1429822070,246810,Scalp SL150 TP170
2025-09-16 00:18:32,GOLD#,SELL,0.02,3680.44,3682.0,3677.5,1460018610,1429823401,246810,Scalp SL150 TP300
2025-09-16 00:22:18,GOLD#,SELL,0.02,3679.4,3680.9,3676.4,1460019189,1429823975,246810,Scalp SL150 TP300
2025-09-16 00:24:21,GOLD#,SELL,0.02,3678.93,3680.44,3677.82,1460020114,1429824897,246810,Scalp SL150 TP112
2025-09-16 00:28:06,GOLD#,SELL,0.02,3680.47,3681.95,3677.45,1460021476,1429826267,246810,Scalp SL150 TP300
2025-09-16 00:28:06,GOLD#,SELL,0.02,3680.44,3681.96,3679.39,1460021478,1429826269,246810,Scalp SL150 TP107
2025-09-16 00:28:06,GOLD#,SELL,0.02,3680.46,3681.97,3678.83,1460021477,1429826268,246810,Scalp SL150 TP164
2025-09-16 00:28:47,GOLD#,SELL,0.02,3680.75,3682.15,3679.42,1460021621,1429826415,246810,Scalp SL150 TP123
2025-09-16 00:28:47,GOLD#,SELL,0.02,3680.65,3682.15,3679.65,1460021620,1429826414,246810,Scalp SL150 TP100
2025-09-16 00:30:21,GOLD#,SELL,0.02,3680.51,3681.85,3677.35,1460022373,1429827023,246810,Scalp SL150 TP300
2025-09-16 00:45:26,GOLD#,BUY,0.02,3680.76,3679.27,3683.77,1460029090,1429833698,246810,Scalp SL150 TP300
2025-09-16 00:45:27,GOLD#,BUY,0.02,3680.91,3679.29,3682.59,1460029091,1429833700,246810,Scalp SL150 TP180
2025-09-16 00:45:30,GOLD#,BUY,0.02,3680.85,3679.36,3681.86,1460029095,1429833704,246810,Scalp SL150 TP100
2025-09-16 00:45:32,GOLD#,BUY,0.02,3680.85,3679.33,3683.83,1460029096,1429833705,246810,Scalp SL150 TP300
2025-09-16 00:47:13,GOLD#,BUY,0.02,3680.56,3679.07,3681.57,1460029250,1429833865,246810,Scalp SL150 TP100
2025-09-16 00:52:03,GOLD#,SELL,0.02,3681.72,3683.2,3678.7,1460030012,1429834618,246810,Scalp SL150 TP300
2025-09-16 00:52:06,GOLD#,SELL,0.02,3681.64,3683.19,3679.4,1460030014,1429834622,246810,Scalp SL150 TP229
2025-09-16 00:58:30,GOLD#,SELL,0.02,3681.89,3683.26,3679.73,1460031293,1429835899,246810,Scalp SL150 TP203
2025-09-16 01:11:30,GOLD#,BUY,0.02,3680.68,3679.25,3683.67,1460033959,1429838458,246810,Scalp SL150 TP292
2025-09-16 01:17:33,GOLD#,SELL,0.02,3677.58,3679.08,3674.58,1460035768,1429840195,246810,Scalp SL150 TP300
2025-09-16 01:17:33,GOLD#,SELL,0.02,3677.58,3679.08,3674.58,1460035767,1429840194,246810,Scalp SL150 TP300
2025-09-16 01:17:33,GOLD#,SELL,0.02,3677.62,3679.09,3675.78,1460035769,1429840196,246810,Scalp SL150 TP181
2025-09-16 01:18:25,GOLD#,BUY,0.02,3678.65,3677.07,3681.57,1460035926,1429840351,246810,Scalp SL150 TP300
2025-09-16 01:18:25,GOLD#,BUY,0.02,3678.58,3677.09,3680.76,1460035931,1429840356,246810,Scalp SL150 TP217
2025-09-16 01:19:48,GOLD#,BUY,0.02,3679.08,3677.58,3680.26,1460036122,1429840551,246810,Scalp SL150 TP118
2025-09-16 01:19:48,GOLD#,BUY,0.02,3679.05,3677.6,3680.78,1460036124,1429840553,246810,Scalp SL150 TP168
2025-09-16 01:19:48,GOLD#,BUY,0.02,3679.04,3677.54,3682.04,1460036125,1429840554,246810,Scalp SL150 TP300
2025-09-16 01:33:23,GOLD#,BUY,0.02,3679.78,3678.28,3681.99,1460038731,1429843134,246810,Scalp SL150 TP221
2025-09-16 02:01:00,GOLD#,SELL,0.02,3676.95,3678.4,3673.9,1460043469,1429847807,246810,Scalp SL150 TP300
2025-09-16 02:01:00,GOLD#,SELL,0.02,3676.95,3678.45,3674.13,1460043471,1429847810,246810,Scalp SL150 TP282
2025-09-16 02:01:00,GOLD#,SELL,0.02,3676.88,3678.45,3674.59,1460043476,1429847815,246810,Scalp SL150 TP236
2025-09-16 02:05:13,GOLD#,BUY,0.02,3678.68,3677.16,3679.77,1460045088,1429849434,246810,Scalp SL150 TP111
2025-09-16 02:05:13,GOLD#,BUY,0.02,3678.66,3677.16,3681.47,1460045086,1429849432,246810,Scalp SL150 TP281
2025-09-16 02:05:13,GOLD#,BUY,0.02,3678.66,3677.16,3681.66,1460045084,1429849430,246810,Scalp SL150 TP300
2025-09-16 02:05:45,GOLD#,BUY,0.02,3678.6,3677.1,3681.6,1460045184,1429849532,246810,Scalp SL150 TP300
2025-09-16 02:05:45,GOLD#,BUY,0.02,3678.6,3677.1,3679.77,1460045183,1429849531,246810,Scalp SL150 TP117
2025-09-16 02:12:21,GOLD#,BUY,0.02,3679.97,3678.46,3682.57,1460046662,1429850961,246810,Scalp SL150 TP261
2025-09-16 02:12:21,GOLD#,BUY,0.02,3679.97,3678.47,3680.97,1460046665,1429850964,246810,Scalp SL150 TP100
2025-09-16 02:48:26,GOLD#,BUY,0.02,3682.03,3680.53,3685.03,1460051092,1429855203,246810,Scalp SL150 TP300
2025-09-16 02:48:26,GOLD#,BUY,0.02,3682.03,3680.53,3685.03,1460051094,1429855205,246810,Scalp SL150 TP300
2025-09-16 02:48:56,GOLD#,BUY,0.02,3682.15,3680.65,3685.15,1460051150,1429855262,246810,Scalp SL150 TP300
2025-09-16 02:51:20,GOLD#,BUY,0.02,3681.98,3680.48,3684.98,1460051545,1429855670,246810,Scalp SL150 TP300
2025-09-16 03:00:14,GOLD#,SELL,0.02,3680.62,3682.12,3677.62,1460052406,1429856514,246810,Scalp SL150 TP300
2025-09-16 03:02:43,GOLD#,BUY,0.02,3680.82,3679.37,3683.41,1460053002,1429857121,246810,Scalp SL150 TP254
2025-09-16 03:02:43,GOLD#,BUY,0.02,3680.87,3679.41,3683.91,1460053001,1429857120,246810,Scalp SL150 TP300
2025-09-16 03:03:14,GOLD#,BUY,0.02,3680.92,3679.45,3682.12,1460053150,1429857266,246810,Scalp SL150 TP117
2025-09-16 03:03:14,GOLD#,BUY,0.02,3680.92,3679.42,3683.92,1460053152,1429857267,246810,Scalp SL150 TP300
2025-09-16 03:10:04,GOLD#,SELL,0.02,3680.87,3682.37,3679.87,1460053996,1429858097,246810,Scalp SL150 TP100
2025-09-16 03:10:04,GOLD#,SELL,0.02,3680.87,3682.37,3677.87,1460054002,1429858103,246810,Scalp SL150 TP300
2025-09-16 03:10:04,GOLD#,SELL,0.02,3680.87,3682.37,3679.11,1460053999,1429858100,246810,Scalp SL150 TP176
2025-09-16 03:10:07,GOLD#,BUY,0.02,3681.4,3679.96,3683.14,1460054006,1429858107,246810,Scalp SL150 TP168
2025-09-16 03:10:08,GOLD#,BUY,0.02,3681.46,3679.96,3684.46,1460054010,1429858111,246810,Scalp SL150 TP300
2025-09-16 05:06:46,GOLD#,BUY,0.02,3680.19,3678.69,3682.8,1460060492,1429866776,246810,Scalp SL150 TP261
2025-09-16 05:06:47,GOLD#,BUY,0.02,3680.19,3678.69,3681.19,1460060493,1429866777,246810,Scalp SL150 TP100
2025-09-16 05:06:47,GOLD#,BUY,0.02,3680.18,3678.68,3683.18,1460060494,1429866778,246810,Scalp SL150 TP300
2025-09-16 06:01:01,GOLD#,BUY,0.02,3679.47,3677.97,3681.22,1460066756,1429872803,246810,Scalp SL150 TP175
2025-09-16 06:01:01,GOLD#,BUY,0.02,3679.47,3677.97,3680.95,1460066754,1429872801,246810,Scalp SL150 TP148
2025-09-16 06:01:01,GOLD#,BUY,0.02,3679.47,3677.97,3682.47,1460066749,1429872796,246810,Scalp SL150 TP300
2025-09-16 06:01:31,GOLD#,BUY,0.02,3679.58,3678.08,3680.89,1460066907,1429872955,246810,Scalp SL150 TP131
2025-09-16 06:01:31,GOLD#,BUY,0.02,3679.58,3678.08,3680.94,1460066908,1429872956,246810,Scalp SL150 TP136
2025-09-16 06:22:57,GOLD#,SELL,0.02,3679.41,3680.91,3678.41,1460069861,1429875850,246810,Scalp SL150 TP100
2025-09-16 06:22:57,GOLD#,SELL,0.02,3679.41,3680.91,3676.41,1460069859,1429875848,246810,Scalp SL150 TP300
2025-09-16 06:45:02,GOLD#,SELL,0.02,3678.11,3679.54,3676.62,1460071329,1429877271,246810,Scalp SL150 TP142
2025-09-16 07:01:55,GOLD#,SELL,0.02,3678.43,3679.93,3675.43,1460073660,1429879767,246810,Scalp SL150 TP300
2025-09-16 07:01:55,GOLD#,SELL,0.02,3678.43,3679.93,3676.65,1460073658,1429879765,246810,Scalp SL150 TP178
2025-09-16 07:01:55,GOLD#,SELL,0.02,3678.43,3679.93,3677.4,1460073659,1429879766,246810,Scalp SL150 TP103
2025-09-16 07:08:14,GOLD#,SELL,0.02,3678.01,3679.52,3676.68,1460074902,1429880989,246810,Scalp SL150 TP134
2025-09-16 07:08:15,GOLD#,SELL,0.02,3678.02,3679.52,3675.02,1460074904,1429880991,246810,Scalp SL150 TP300
2025-09-16 07:10:49,GOLD#,SELL,0.02,3678.02,3679.52,3676.68,1460075557,1429881779,246810,Scalp SL150 TP134
2025-09-16 07:10:49,GOLD#,SELL,0.02,3678.02,3679.52,3675.02,1460075566,1429881788,246810,Scalp SL150 TP300
2025-09-16 07:10:49,GOLD#,SELL,0.02,3678.03,3679.52,3675.35,1460075573,1429881795,246810,Scalp SL150 TP267
2025-09-16 08:20:05,GOLD#,SELL,0.02,3677.67,3679.2,3675.38,1460096911,1429903131,246810,Scalp SL150 TP232
2025-09-16 08:20:05,GOLD#,SELL,0.02,3677.7,3679.2,3674.7,1460096907,1429903125,246810,Scalp SL150 TP300
2025-09-16 08:20:05,GOLD#,SELL,0.02,3677.72,3679.17,3674.67,1460096914,1429903134,246810,Scalp SL150 TP300
2025-09-16 08:20:36,GOLD#,SELL,0.02,3677.69,3679.19,3675.68,1460097034,1429903258,246810,Scalp SL150 TP201
2025-09-16 08:20:36,GOLD#,SELL,0.02,3677.77,3679.19,3674.69,1460097035,1429903259,246810,Scalp SL150 TP300
2025-09-16 08:30:25,GOLD#,BUY,0.02,3678.36,3676.86,3679.96,1460098830,1429904998,246810,Scalp SL150 TP160
2025-09-16 08:30:25,GOLD#,BUY,0.02,3678.37,3676.87,3681.37,1460098831,1429904999,246810,Scalp SL150 TP300
2025-09-16 08:30:25,GOLD#,BUY,0.02,3678.36,3676.84,3681.34,1460098829,1429904997,246810,Scalp SL150 TP300
2025-09-16 08:33:16,GOLD#,SELL,0.02,3679.9,3681.4,3678.52,1460099478,1429905533,246810,Scalp SL150 TP138
2025-09-16 08:33:16,GOLD#,SELL,0.02,3679.96,3681.46,3676.96,1460099481,1429905536,246810,Scalp SL150 TP300
2025-09-16 08:33:16,GOLD#,SELL,0.02,3679.91,3681.4,3678.31,1460099479,1429905534,246810,Scalp SL150 TP159
2025-09-16 08:36:17,GOLD#,SELL,0.02,3679.94,3681.49,3677.48,1460100592,1429906594,246810,Scalp SL150 TP251
2025-09-16 08:36:17,GOLD#,SELL,0.02,3679.98,3681.46,3678.52,1460100589,1429906591,246810,Scalp SL150 TP144
2025-09-16 08:36:17,GOLD#,SELL,0.02,3679.98,3681.48,3676.98,1460100590,1429906592,246810,Scalp SL150 TP300
2025-09-16 08:41:09,GOLD#,SELL,0.02,3680.46,3681.95,3677.45,1460101701,1429907615,246810,Scalp SL150 TP300
2025-09-16 08:41:09,GOLD#,SELL,0.02,3680.45,3681.96,3678.59,1460101699,1429907612,246810,Scalp SL150 TP187
2025-09-16 08:41:10,GOLD#,SELL,0.02,3680.5,3681.96,3678.52,1460101702,1429907616,246810,Scalp SL150 TP194
2025-09-16 08:42:04,GOLD#,SELL,0.02,3679.83,3681.33,3677.32,1460101821,1429907742,246810,Scalp SL150 TP251
2025-09-16 08:42:05,GOLD#,SELL,0.02,3679.83,3681.33,3678.78,1460101833,1429907754,246810,Scalp SL150 TP105
2025-09-16 08:49:02,GOLD#,BUY,0.02,3678.06,3676.51,3679.01,1460103254,1429909110,246810,Scalp SL150 TP100
2025-09-16 08:49:02,GOLD#,BUY,0.02,3678.11,3676.56,3679.89,1460103255,1429909111,246810,Scalp SL150 TP183
2025-09-16 08:49:03,GOLD#,BUY,0.02,3678.14,3676.64,3681.14,1460103258,1429909114,246810,Scalp SL150 TP300
2025-09-16 08:49:44,GOLD#,BUY,0.02,3677.91,3676.41,3679.51,1460103421,1429909283,246810,Scalp SL150 TP160
2025-09-16 09:03:14,GOLD#,SELL,0.02,3679.96,3681.6,3678.44,1460105681,1429911389,246810,Scalp SL150 TP166
2025-09-16 09:03:14,GOLD#,SELL,0.02,3680.04,3681.46,3676.96,1460105684,1429911392,246810,Scalp SL150 TP300
2025-09-16 09:03:14,GOLD#,SELL,0.02,3680.04,3681.54,3677.74,1460105687,1429911395,246810,Scalp SL150 TP230
2025-09-16 09:04:04,GOLD#,SELL,0.02,3680.03,3681.53,3678.69,1460105958,1429911677,246810,Scalp SL150 TP134
2025-09-16 09:04:04,GOLD#,SELL,0.02,3680.03,3681.53,3677.73,1460105959,1429911678,246810,Scalp SL150 TP230
2025-09-16 09:09:38,GOLD#,SELL,0.02,3680.99,3682.47,3678.63,1460108143,1429913836,246810,Scalp SL150 TP234
2025-09-16 09:09:38,GOLD#,SELL,0.02,3681.01,3682.49,3677.99,1460108148,1429913837,246810,Scalp SL150 TP300
2025-09-16 09:09:38,GOLD#,SELL,0.02,3681.03,3682.51,3679.69,1460108155,1429913839,246810,Scalp SL150 TP132
2025-09-16 09:11:02,GOLD#,SELL,0.02,3679.82,3681.26,3677.69,1460108581,1429914214,246810,Scalp SL150 TP207
2025-09-16 09:11:02,GOLD#,SELL,0.02,3679.76,3681.36,3676.86,1460108577,1429914210,246810,Scalp SL150 TP300
2025-09-16 09:13:28,GOLD#,BUY,0.02,3681.86,3680.58,3685.08,1460109077,1429914631,246810,Scalp SL150 TP300
2025-09-16 09:14:45,GOLD#,BUY,0.02,3682.03,3680.54,3684.13,1460109328,1429914878,246810,Scalp SL150 TP209
2025-09-16 09:14:45,GOLD#,BUY,0.02,3682.03,3680.53,3685.03,1460109336,1429914886,246810,Scalp SL150 TP300
2025-09-16 09:14:45,GOLD#,BUY,0.02,3682.03,3680.53,3684.14,1460109333,1429914883,246810,Scalp SL150 TP211
2025-09-16 09:15:43,GOLD#,BUY,0.02,3681.98,3680.48,3683.6,1460109485,1429915015,246810,Scalp SL150 TP162
2025-09-16 09:24:48,GOLD#,SELL,0.02,3680.69,3682.19,3678.25,1460111913,1429917254,246810,Scalp SL150 TP244
2025-09-16 09:24:48,GOLD#,SELL,0.02,3680.69,3682.19,3679.69,1460111912,1429917253,246810,Scalp SL150 TP100
2025-09-16 09:24:48,GOLD#,SELL,0.02,3680.69,3682.19,3677.69,1460111911,1429917252,246810,Scalp SL150 TP300
2025-09-16 09:28:59,GOLD#,SELL,0.02,3680.78,3682.52,3678.02,1460112234,1429917551,246810,Scalp SL150 TP300
2025-09-16 09:29:08,GOLD#,SELL,0.02,3680.68,3682.18,3679.02,1460112240,1429917555,246810,Scalp SL150 TP166
2025-09-16 09:36:42,GOLD#,SELL,0.02,3678.3,3679.8,3675.3,1460114002,1429919304,246810,Scalp SL150 TP300

2025-09-16 09:36:53,GOLD#,SELL,0.02,3678.32,3679.82,3676.34,1460114050,1429919353,246810,Scalp SL150 TP198
2025-09-16 09:45:08,GOLD#,BUY,0.02,3678.11,3676.61,3681.11,1460116872,1429922135,246810,Scalp SL150 TP300
2025-09-16 09:45:08,GOLD#,BUY,0.02,3678.11,3676.61,3681.07,1460116873,1429922136,246810,Scalp SL150 TP296
2025-09-16 09:45:09,GOLD#,BUY,0.02,3678.11,3676.61,3681.11,1460116874,1429922137,246810,Scalp SL150 TP300
2025-09-16 09:45:44,GOLD#,BUY,0.02,3677.95,3676.46,3680.64,1460116945,1429922202,246810,Scalp SL150 TP268
2025-09-16 09:45:45,GOLD#,BUY,0.02,3678.03,3676.54,3681.04,1460116946,1429922203,246810,Scalp SL150 TP300
2025-09-16 09:47:09,GOLD#,BUY,0.02,3676.87,3675.4,3678.19,1460118450,1429923694,246810,Scalp SL150 TP129
2025-09-16 09:47:20,GOLD#,BUY,0.02,3677.01,3675.51,3680.01,1460118497,1429923739,246810,Scalp SL150 TP300
2025-09-16 09:47:20,GOLD#,BUY,0.02,3676.93,3675.51,3680.01,1460118501,1429923743,246810,Scalp SL150 TP300
2025-09-16 09:47:41,GOLD#,BUY,0.02,3677.07,3675.57,3679.94,1460118573,1429923812,246810,Scalp SL150 TP287
2025-09-16 09:48:03,GOLD#,BUY,0.02,3677.6,3676.14,3680.64,1460118716,1429923955,246810,Scalp SL150 TP300
2025-09-16 09:49:12,GOLD#,BUY,0.02,3678.45,3676.97,3681.47,1460119377,1429924597,246810,Scalp SL150 TP300
2025-09-16 09:51:00,GOLD#,BUY,0.02,3677.91,3676.26,3680.76,1460120019,1429925220,246810,Scalp SL150 TP300
2025-09-16 09:58:10,GOLD#,BUY,0.02,3678.48,3676.9,3681.4,1460121609,1429926662,246810,Scalp SL150 TP300
2025-09-16 09:58:18,GOLD#,BUY,0.02,3678.37,3676.87,3681.37,1460121627,1429926679,246810,Scalp SL150 TP300
2025-09-16 09:58:19,GOLD#,SELL,0.02,3678.15,3679.63,3675.66,1460121629,1429926681,246810,Scalp SL150 TP247
2025-09-16 09:58:19,GOLD#,BUY,0.02,3678.37,3676.87,3681.36,1460121632,1429926684,246810,Scalp SL150 TP299
2025-09-16 09:58:20,GOLD#,SELL,0.02,3677.97,3679.44,3676.56,1460121645,1429926699,246810,Scalp SL150 TP138
2025-09-16 10:15:48,GOLD#,SELL,0.02,3680.63,3682.13,3677.63,1460125493,1429930389,246810,Scalp SL150 TP300
2025-09-16 10:15:49,GOLD#,SELL,0.02,3680.63,3682.13,3679.33,1460125495,1429930391,246810,Scalp SL150 TP130
2025-09-16 10:19:32,GOLD#,SELL,0.02,3680.25,3681.87,3677.37,1460126188,1429931091,246810,Scalp SL150 TP300
2025-09-16 10:19:32,GOLD#,SELL,0.02,3680.22,3681.75,3677.67,1460126191,1429931094,246810,Scalp SL150 TP258
2025-09-16 10:19:32,GOLD#,SELL,0.02,3680.22,3681.72,3678.1,1460126194,1429931096,246810,Scalp SL150 TP212
2025-09-16 10:23:49,GOLD#,SELL,0.02,3681.13,3682.63,3679.74,1460127076,1429931950,246810,Scalp SL150 TP139
2025-09-16 10:23:50,GOLD#,SELL,0.02,3681.08,3682.63,3679.92,1460127078,1429931952,246810,Scalp SL150 TP121
2025-09-16 10:23:50,GOLD#,SELL,0.02,3681.13,3682.63,3678.13,1460127077,1429931951,246810,Scalp SL150 TP300
2025-09-16 10:24:20,GOLD#,SELL,0.02,3680.97,3682.49,3678.56,1460127190,1429932001,246810,Scalp SL150 TP243
2025-09-16 10:24:20,GOLD#,SELL,0.02,3680.96,3682.46,3677.96,1460127191,1429932002,246810,Scalp SL150 TP300
2025-09-16 10:31:36,GOLD#,SELL,0.02,3681.67,3683.23,3680.73,1460128589,1429933381,246810,Scalp SL150 TP100
2025-09-16 10:31:36,GOLD#,SELL,0.02,3681.6,3683.1,3679.69,1460128591,1429933382,246810,Scalp SL150 TP191
2025-09-16 10:34:58,GOLD#,SELL,0.02,3681.71,3683.21,3678.71,1460129271,1429934056,246810,Scalp SL150 TP300
2025-09-16 10:34:58,GOLD#,SELL,0.02,3681.71,3683.21,3678.86,1460129269,1429934054,246810,Scalp SL150 TP285
2025-09-16 10:34:58,GOLD#,SELL,0.02,3681.71,3683.14,3680.64,1460129268,1429934053,246810,Scalp SL150 TP100
2025-09-16 10:41:17,GOLD#,BUY,0.02,3681.54,3680.04,3684.54,1460130810,1429935550,246810,Scalp SL150 TP300
2025-09-16 10:41:17,GOLD#,BUY,0.02,3681.56,3680.05,3684.55,1460130811,1429935551,246810,Scalp SL150 TP300
2025-09-16 10:41:21,GOLD#,BUY,0.02,3681.52,3680.01,3683.26,1460130819,1429935560,246810,Scalp SL150 TP175
2025-09-16 10:46:19,GOLD#,BUY,0.02,3681.53,3680.03,3684.53,1460131888,1429936539,246810,Scalp SL150 TP300
2025-09-16 10:46:20,GOLD#,BUY,0.02,3681.53,3680.03,3683.05,1460131889,1429936540,246810,Scalp SL150 TP152
2025-09-16 11:26:31,GOLD#,SELL,0.02,3682.42,3683.92,3681.42,1460138393,1429942761,246810,Scalp SL150 TP100
2025-09-16 11:26:31,GOLD#,SELL,0.02,3682.42,3683.92,3679.42,1460138391,1429942759,246810,Scalp SL150 TP300
2025-09-16 11:26:31,GOLD#,SELL,0.02,3682.42,3683.92,3680.6,1460138392,1429942760,246810,Scalp SL150 TP182
2025-09-16 11:27:16,GOLD#,SELL,0.02,3681.91,3683.4,3680.9,1460138550,1429942898,246810,Scalp SL150 TP100
2025-09-16 11:34:45,GOLD#,BUY,0.02,3681.82,3680.32,3682.82,1460139743,1429944059,246810,Scalp SL150 TP100
2025-09-16 11:34:45,GOLD#,BUY,0.02,3681.82,3680.32,3684.71,1460139742,1429944058,246810,Scalp SL150 TP289
2025-09-16 11:34:46,GOLD#,SELL,0.02,3681.63,3683.13,3679.96,1460139745,1429944061,246810,Scalp SL150 TP167
2025-09-16 11:34:46,GOLD#,SELL,0.02,3681.63,3683.13,3680.63,1460139744,1429944060,246810,Scalp SL150 TP100
2025-09-16 11:37:34,GOLD#,SELL,0.02,3680.58,3682.08,3679.3,1460141001,1429945243,246810,Scalp SL150 TP128
2025-09-16 11:37:34,GOLD#,SELL,0.02,3680.82,3682.08,3677.58,1460141004,1429945246,246810,Scalp SL150 TP300
2025-09-16 11:37:34,GOLD#,SELL,0.02,3680.82,3682.32,3679.39,1460141012,1429945254,246810,Scalp SL150 TP143
2025-09-16 11:41:47,GOLD#,BUY,0.02,3681.74,3680.24,3682.74,1460141716,1429945961,246810,Scalp SL150 TP100
2025-09-16 11:49:50,GOLD#,SELL,0.02,3682.68,3684.19,3679.69,1460143686,1429948069,246810,Scalp SL150 TP300
2025-09-16 11:49:50,GOLD#,SELL,0.02,3682.68,3684.18,3681.04,1460143688,1429948071,246810,Scalp SL150 TP164
2025-09-16 11:49:50,GOLD#,SELL,0.02,3682.67,3684.17,3681.67,1460143691,1429948074,246810,Scalp SL150 TP100
2025-09-16 11:50:04,GOLD#,BUY,0.02,3682.66,3681.16,3685.46,1460143729,1429948109,246810,Scalp SL150 TP280
2025-09-16 11:50:04,GOLD#,BUY,0.02,3682.67,3681.17,3683.67,1460143727,1429948108,246810,Scalp SL150 TP100
2025-09-16 12:08:37,GOLD#,SELL,0.02,3683.51,3685.01,3681.08,1460149861,1429954143,246810,Scalp SL150 TP243
2025-09-16 12:08:37,GOLD#,SELL,0.02,3683.51,3685.01,3682.51,1460149859,1429954141,246810,Scalp SL150 TP100
2025-09-16 12:09:07,GOLD#,SELL,0.02,3683.42,3684.92,3682.42,1460149934,1429954215,246810,Scalp SL150 TP100
2025-09-16 12:38:34,GOLD#,SELL,0.02,3682.78,3688.78,3681.78,1460155250,1429959366,246810,Scalp SL600 TP100
2025-09-16 12:41:08,GOLD#,BUY,0.02,3682.77,3676.77,3686.33,1460156411,1429960519,246810,Scalp SL600 TP356
2025-09-16 12:41:08,GOLD#,BUY,0.02,3682.77,3676.77,3683.77,1460156412,1429960520,246810,Scalp SL600 TP100
2025-09-16 12:41:08,GOLD#,BUY,0.02,3682.79,3676.77,3694.77,1460156413,1429960521,246810,Scalp SL600 TP1200
2025-09-16 12:47:18,GOLD#,BUY,0.02,3682.03,3676.03,3683.46,1460158431,1429962450,246810,Scalp SL600 TP143
2025-09-16 13:04:32,GOLD#,SELL,0.02,3683.38,3689.36,3682.36,1460163253,1429967002,246810,Scalp SL600 TP100
2025-09-16 13:04:32,GOLD#,SELL,0.02,3683.42,3689.39,3680.64,1460163255,1429967004,246810,Scalp SL600 TP275

2025-09-16 15:05:07,GOLD#,SELL,0.02,3688.16,3694.16,3678.16,1460216918,1430018444,246810,Scalp SL600 TP1000
2025-09-16 15:05:07,GOLD#,SELL,0.02,3688.16,3694.16,3676.16,1460216917,1430018443,246810,Scalp SL600 TP1200
2025-09-16 15:05:07,GOLD#,SELL,0.02,3688.2,3694.2,3686.67,1460216905,1430018432,246810,Scalp SL600 TP153
2025-09-16 16:05:48,GOLD#,BUY,0.02,3693.89,3692.34,3696.84,1460248310,1430046133,246810,Scalp SL150 TP300
2025-09-16 16:05:48,GOLD#,BUY,0.02,3693.76,3692.25,3694.82,1460248316,1430046139,246810,Scalp SL150 TP107
2025-09-16 16:05:48,GOLD#,BUY,0.02,3693.75,3692.32,3695.0,1460248314,1430046137,246810,Scalp SL150 TP118
2025-09-16 16:07:17,GOLD#,SELL,0.02,3694.68,3696.19,3691.69,1460248722,1430046513,246810,Scalp SL150 TP300
2025-09-16 16:07:17,GOLD#,SELL,0.02,3694.67,3696.17,3692.77,1460248727,1430046519,246810,Scalp SL150 TP190
2025-09-16 16:07:17,GOLD#,SELL,0.02,3694.67,3696.18,3693.68,1460248723,1430046514,246810,Scalp SL150 TP100
2025-09-16 16:13:08,GOLD#,SELL,0.02,3695.39,3696.89,3694.39,1460250786,1430048449,246810,Scalp SL150 TP100
2025-09-16 16:13:08,GOLD#,SELL,0.02,3695.39,3696.89,3692.39,1460250788,1430048451,246810,Scalp SL150 TP300
2025-09-16 16:29:41,GOLD#,SELL,0.02,3695.56,3697.06,3693.72,1460258686,1430055986,246810,Scalp SL150 TP184
2025-09-16 16:29:41,GOLD#,SELL,0.02,3695.57,3697.16,3692.66,1460258680,1430055980,246810,Scalp SL150 TP300
2025-09-16 16:29:42,GOLD#,SELL,0.02,3695.52,3697.05,3694.55,1460258688,1430055988,246810,Scalp SL150 TP100
2025-09-16 16:35:26,GOLD#,BUY,0.02,3695.42,3693.92,3696.8,1460262573,1430059602,246810,Scalp SL150 TP138
2025-09-16 16:35:27,GOLD#,BUY,0.02,3695.42,3693.92,3697.63,1460262581,1430059610,246810,Scalp SL150 TP221
2025-09-16 16:35:27,GOLD#,BUY,0.02,3695.43,3693.92,3698.42,1460262599,1430059626,246810,Scalp SL150 TP300
2025-09-16 17:02:17,GOLD#,SELL,0.02,3697.53,3699.03,3694.53,1460273551,1430070163,246810,Scalp SL150 TP300
2025-09-16 17:02:18,GOLD#,SELL,0.02,3697.53,3699.03,3696.53,1460273555,1430070164,246810,Scalp SL150 TP100
2025-09-16 17:02:18,GOLD#,SELL,0.02,3697.53,3699.03,3694.62,1460273563,1430070170,246810,Scalp SL150 TP291
2025-09-16 17:03:21,GOLD#,SELL,0.02,3697.4,3698.89,3694.39,1460274169,1430070757,246810,Scalp SL150 TP300
2025-09-16 17:03:21,GOLD#,SELL,0.02,3697.38,3698.88,3695.9,1460274171,1430070758,246810,Scalp SL150 TP148
2025-09-16 17:13:46,GOLD#,BUY,0.02,3696.88,3695.38,3699.88,1460278025,1430074403,246810,Scalp SL150 TP300
2025-09-16 17:21:07,GOLD#,BUY,0.02,3696.75,3695.21,3699.34,1460279908,1430076140,246810,Scalp SL150 TP263
2025-09-16 17:21:07,GOLD#,BUY,0.02,3696.75,3695.25,3698.82,1460279912,1430076144,246810,Scalp SL150 TP207
2025-09-16 17:32:18,GOLD#,SELL,0.02,3696.64,3698.09,3694.06,1460282524,1430078559,246810,Scalp SL150 TP253
2025-09-16 17:32:19,GOLD#,SELL,0.02,3696.64,3698.14,3695.64,1460282525,1430078560,246810,Scalp SL150 TP100
2025-09-16 17:32:19,GOLD#,SELL,0.02,3696.59,3698.08,3693.58,1460282527,1430078562,246810,Scalp SL150 TP300
2025-09-16 17:32:49,GOLD#,SELL,0.02,3696.55,3698.05,3694.84,1460282591,1430078620,246810,Scalp SL150 TP171
2025-09-16 17:38:19,GOLD#,BUY,0.02,3696.02,3694.5,3697.0,1460283704,1430079572,246810,Scalp SL150 TP100
2025-09-16 17:38:19,GOLD#,BUY,0.02,3696.08,3694.61,3699.11,1460283707,1430079573,246810,Scalp SL150 TP300
2025-09-16 17:42:26,GOLD#,BUY,0.02,3696.12,3694.62,3699.12,1460285678,1430081384,246810,Scalp SL150 TP300
2025-09-16 17:42:26,GOLD#,BUY,0.02,3696.16,3694.62,3697.12,1460285681,1430081387,246810,Scalp SL150 TP100
2025-09-16 17:42:26,GOLD#,BUY,0.02,3696.12,3694.62,3697.21,1460285680,1430081385,246810,Scalp SL150 TP109
2025-09-16 17:45:20,GOLD#,BUY,0.02,3694.55,3693.06,3697.1,1460288045,1430083720,246810,Scalp SL150 TP254
2025-09-16 17:45:21,GOLD#,BUY,0.02,3695.1,3693.28,3697.78,1460288049,1430083724,246810,Scalp SL150 TP300
2025-09-16 17:48:14,GOLD#,SELL,0.02,3695.04,3696.52,3693.63,1460289063,1430084574,246810,Scalp SL150 TP139
2025-09-16 17:48:19,GOLD#,SELL,0.02,3694.93,3696.43,3693.0,1460289076,1430084588,246810,Scalp SL150 TP193

2025-09-16 18:30:50,GOLD#,SELL,0.02,3692.91,3694.41,3691.91,1460306960,1430102176,246810,Scalp SL150 TP100
2025-09-16 18:30:50,GOLD#,SELL,0.02,3692.93,3694.41,3690.14,1460306961,1430102177,246810,Scalp SL150 TP277
2025-09-16 18:30:59,GOLD#,SELL,0.02,3692.77,3694.27,3689.77,1460307060,1430102279,246810,Scalp SL150 TP300
2025-09-16 18:31:33,GOLD#,SELL,0.02,3692.82,3694.31,3689.81,1460307810,1430103026,246810,Scalp SL150 TP300
2025-09-16 18:31:33,GOLD#,SELL,0.02,3692.82,3694.32,3691.82,1460307814,1430103030,246810,Scalp SL150 TP100
2025-09-16 18:45:31,GOLD#,SELL,0.02,3696.42,3697.98,3695.48,1460314696,1430109858,246810,Scalp SL150 TP100
2025-09-16 18:45:31,GOLD#,SELL,0.02,3696.48,3697.98,3694.45,1460314694,1430109856,246810,Scalp SL150 TP203
2025-09-16 18:45:31,GOLD#,SELL,0.02,3696.41,3697.92,3693.42,1460314699,1430109861,246810,Scalp SL150 TP300
2025-09-16 18:55:14,GOLD#,SELL,0.02,3697.09,3698.64,3695.99,1460320330,1430115507,246810,Scalp SL150 TP115
2025-09-16 18:55:14,GOLD#,SELL,0.02,3697.08,3698.58,3694.08,1460320335,1430115512,246810,Scalp SL150 TP300
2025-09-16 18:55:14,GOLD#,SELL,0.02,3697.08,3698.58,3695.1,1460320340,1430115518,246810,Scalp SL150 TP198
2025-09-16 18:55:53,GOLD#,SELL,0.02,3696.93,3698.5,3694.0,1460320655,1430115821,246810,Scalp SL150 TP300
2025-09-16 18:55:53,GOLD#,SELL,0.02,3696.87,3698.43,3695.93,1460320657,1430115823,246810,Scalp SL150 TP100
2025-09-16 18:59:45,GOLD#,SELL,0.02,3697.14,3698.64,3696.01,1460322643,1430117809,246810,Scalp SL150 TP113
2025-09-16 18:59:45,GOLD#,SELL,0.02,3697.12,3698.61,3695.15,1460322644,1430117810,246810,Scalp SL150 TP196
2025-09-16 18:59:45,GOLD#,SELL,0.02,3697.12,3698.62,3694.12,1460322648,1430117814,246810,Scalp SL150 TP300
2025-09-16 19:03:08,GOLD#,BUY,0.02,3696.18,3694.67,3697.17,1460325157,1430120260,246810,Scalp SL150 TP100
2025-09-16 19:03:08,GOLD#,BUY,0.02,3696.17,3694.66,3699.16,1460325135,1430120238,246810,Scalp SL150 TP300
2025-09-16 19:05:09,GOLD#,SELL,0.02,3695.7,3697.2,3693.33,1460326247,1430121338,246810,Scalp SL150 TP237
2025-09-16 19:06:12,GOLD#,BUY,0.02,3695.51,3694.01,3697.03,1460327157,1430122166,246810,Scalp SL150 TP152
2025-09-16 19:11:10,GOLD#,SELL,0.02,3694.72,3696.2,3693.44,1460329229,1430124141,246810,Scalp SL150 TP126
2025-09-16 19:11:10,GOLD#,SELL,0.02,3694.67,3696.17,3693.33,1460329242,1430124155,246810,Scalp SL150 TP134
2025-09-16 19:11:10,GOLD#,SELL,0.02,3694.67,3696.17,3691.67,1460329249,1430124162,246810,Scalp SL150 TP300
2025-09-16 19:12:12,GOLD#,SELL,0.02,3694.31,3695.81,3691.31,1460330415,1430125331,246810,Scalp SL150 TP300
2025-09-16 19:16:18,GOLD#,BUY,0.02,3693.86,3692.36,3695.07,1460334182,1430129052,246810,Scalp SL150 TP121
2025-09-16 19:16:18,GOLD#,BUY,0.02,3693.85,3692.36,3696.86,1460334198,1430129068,246810,Scalp SL150 TP300
2025-09-16 19:16:18,GOLD#,BUY,0.02,3693.86,3692.36,3696.53,1460334191,1430129061,246810,Scalp SL150 TP267
2025-09-16 19:16:48,GOLD#,BUY,0.02,3694.21,3692.71,3697.09,1460334584,1430129448,246810,Scalp SL150 TP288
2025-09-16 19:18:09,GOLD#,BUY,0.02,3694.62,3693.12,3697.62,1460335350,1430130204,246810,Scalp SL150 TP300
2025-09-16 19:18:33,GOLD#,BUY,0.02,3695.31,3693.8,3696.72,1460335596,1430130416,246810,Scalp SL150 TP142
2025-09-16 19:24:42,GOLD#,SELL,0.02,3693.95,3695.36,3691.75,1460340821,1430135485,246810,Scalp SL150 TP211
2025-09-16 19:24:42,GOLD#,SELL,0.02,3693.92,3695.46,3692.75,1460340824,1430135488,246810,Scalp SL150 TP121
2025-09-16 19:24:42,GOLD#,SELL,0.02,3693.87,3695.44,3690.94,1460340827,1430135490,246810,Scalp SL150 TP300
2025-09-16 19:30:46,GOLD#,BUY,0.02,3690.51,3688.94,3693.44,1460349614,1430144176,246810,Scalp SL150 TP300
2025-09-16 19:30:47,GOLD#,BUY,0.02,3690.41,3688.99,3693.49,1460349624,1430144186,246810,Scalp SL150 TP300
2025-09-16 19:30:47,GOLD#,BUY,0.02,3690.5,3688.9,3691.45,1460349632,1430144194,246810,Scalp SL150 TP105
2025-09-16 19:31:19,GOLD#,BUY,0.02,3690.23,3688.83,3691.99,1460350373,1430144929,246810,Scalp SL150 TP166
2025-09-16 19:31:21,GOLD#,BUY,0.02,3690.3,3688.89,3693.39,1460350404,1430144960,246810,Scalp SL150 TP300
2025-09-16 19:33:55,GOLD#,BUY,0.02,3690.48,3689.06,3693.56,1460353442,1430147785,246810,Scalp SL150 TP300
2025-09-16 19:33:55,GOLD#,BUY,0.02,3690.5,3689.0,3692.63,1460353446,1430147788,246810,Scalp SL150 TP213
2025-09-16 19:33:55,GOLD#,BUY,0.02,3690.48,3689.0,3693.5,1460353450,1430147793,246810,Scalp SL150 TP300
2025-09-16 19:34:26,GOLD#,BUY,0.02,3690.66,3689.16,3693.13,1460354191,1430148409,246810,Scalp SL150 TP247
2025-09-16 19:47:07,GOLD#,BUY,0.02,3690.33,3688.83,3693.33,1460370128,1430164255,246810,Scalp SL150 TP300
2025-09-16 19:47:07,GOLD#,BUY,0.02,3690.42,3688.86,3692.26,1460370135,1430164262,246810,Scalp SL150 TP190
2025-09-16 19:47:07,GOLD#,BUY,0.02,3690.33,3688.83,3693.33,1460370130,1430164257,246810,Scalp SL150 TP300
2025-09-16 19:48:31,GOLD#,BUY,0.02,3690.34,3688.85,3693.35,1460370856,1430164971,246810,Scalp SL150 TP300
2025-09-16 19:48:31,GOLD#,BUY,0.02,3690.27,3688.85,3693.35,1460370860,1430164975,246810,Scalp SL150 TP300
2025-09-16 20:41:04,GOLD#,BUY,0.02,3696.28,3694.83,3699.33,1460415008,1430208225,246810,Scalp SL150 TP300
2025-09-16 20:41:04,GOLD#,BUY,0.02,3696.21,3694.69,3698.17,1460415014,1430208231,246810,Scalp SL150 TP198
2025-09-16 20:47:12,GOLD#,BUY,0.02,3696.41,3694.93,3697.43,1460422822,1430216034,246810,Scalp SL150 TP100
2025-09-16 20:47:12,GOLD#,BUY,0.02,3696.26,3694.67,3697.77,1460422815,1430216027,246810,Scalp SL150 TP160
2025-09-16 20:47:12,GOLD#,BUY,0.02,3696.35,3694.77,3699.27,1460422820,1430216032,246810,Scalp SL150 TP300
2025-09-16 20:49:18,GOLD#,SELL,0.02,3696.73,3698.33,3693.83,1460424501,1430217686,246810,Scalp SL150 TP300
2025-09-16 20:49:18,GOLD#,SELL,0.02,3696.74,3698.23,3695.73,1460424503,1430217688,246810,Scalp SL150 TP100
2025-09-16 20:49:18,GOLD#,SELL,0.02,3696.8,3698.23,3695.52,1460424504,1430217689,246810,Scalp SL150 TP121
2025-09-16 20:49:48,GOLD#,SELL,0.02,3696.28,3697.8,3693.3,1460424808,1430217994,246810,Scalp SL150 TP300
2025-09-16 20:49:48,GOLD#,SELL,0.02,3696.28,3697.78,3694.06,1460424810,1430217996,246810,Scalp SL150 TP222
2025-09-16 20:50:03,GOLD#,SELL,0.02,3695.82,3697.31,3693.14,1460425026,1430218214,246810,Scalp SL150 TP267
2025-09-16 20:50:19,GOLD#,SELL,0.02,3696.12,3697.61,3695.11,1460425106,1430218287,246810,Scalp SL150 TP100
2025-09-16 20:50:20,GOLD#,SELL,0.02,3696.13,3697.62,3693.12,1460425108,1430218289,246810,Scalp SL150 TP300
2025-09-16 20:50:58,GOLD#,SELL,0.02,3696.24,3697.78,3695.07,1460425449,1430218630,246810,Scalp SL150 TP121
2025-09-16 20:54:03,GOLD#,SELL,0.02,3697.88,3699.38,3696.61,1460427741,1430220919,246810,Scalp SL150 TP127
2025-09-16 20:54:03,GOLD#,SELL,0.02,3697.87,3699.38,3696.23,1460427745,1430220924,246810,Scalp SL150 TP165
2025-09-16 20:54:04,GOLD#,SELL,0.02,3697.85,3699.37,3694.87,1460427753,1430220934,246810,Scalp SL150 TP300
2025-09-16 20:54:34,GOLD#,SELL,0.02,3697.84,3699.41,3694.91,1460428030,1430221214,246810,Scalp SL150 TP300
2025-09-16 20:54:35,GOLD#,SELL,0.02,3697.78,3699.29,3695.93,1460428034,1430221218,246810,Scalp SL150 TP186
2025-09-16 20:56:08,GOLD#,SELL,0.02,3696.77,3698.28,3694.93,1460428935,1430222108,246810,Scalp SL150 TP185
2025-09-16 20:57:01,GOLD#,SELL,0.02,3696.08,3697.56,3695.06,1460429551,1430222730,246810,Scalp SL150 TP100
2025-09-16 20:57:02,GOLD#,SELL,0.02,3695.99,3697.52,3694.44,1460429552,1430222731,246810,Scalp SL150 TP158
2025-09-16 20:58:01,GOLD#,SELL,0.02,3696.93,3698.6,3694.1,1460429812,1430223003,246810,Scalp SL150 TP300
2025-09-16 21:00:32,GOLD#,BUY,0.02,3695.88,3694.39,3698.89,1460431052,1430224207,246810,Scalp SL150 TP300
2025-09-16 21:00:32,GOLD#,BUY,0.02,3696.02,3694.45,3696.95,1460431057,1430224212,246810,Scalp SL150 TP100
2025-09-16 21:01:06,GOLD#,BUY,0.02,3696.52,3694.91,3697.41,1460431396,1430224548,246810,Scalp SL150 TP100
2025-09-16 21:01:37,GOLD#,SELL,0.02,3696.4,3697.92,3694.16,1460431722,1430224874,246810,Scalp SL150 TP226
2025-09-16 21:01:37,GOLD#,SELL,0.02,3696.33,3697.81,3695.31,1460431727,1430224879,246810,Scalp SL150 TP100
2025-09-16 21:01:37,GOLD#,SELL,0.02,3696.51,3698.04,3693.54,1460431720,1430224872,246810,Scalp SL150 TP300
2025-09-16 21:02:00,GOLD#,SELL,0.02,3695.67,3697.05,3693.33,1460431898,1430225056,246810,Scalp SL150 TP222
2025-09-16 21:03:03,GOLD#,SELL,0.02,3695.13,3696.67,3692.62,1460432527,1430225682,246810,Scalp SL150 TP255
2025-09-16 21:03:06,GOLD#,SELL,0.02,3694.9,3696.39,3693.76,1460432551,1430225705,246810,Scalp SL150 TP113
2025-09-16 21:04:35,GOLD#,SELL,0.02,3695.57,3697.1,3692.6,1460433511,1430226654,246810,Scalp SL150 TP300
2025-09-16 21:04:35,GOLD#,SELL,0.02,3695.49,3697.07,3694.57,1460433514,1430226657,246810,Scalp SL150 TP100
2025-09-16 21:04:35,GOLD#,SELL,0.02,3695.53,3697.01,3692.97,1460433519,1430226662,246810,Scalp SL150 TP254
2025-09-16 21:05:35,GOLD#,SELL,0.02,3695.9,3697.38,3692.88,1460433968,1430227103,246810,Scalp SL150 TP300
2025-09-16 21:05:52,GOLD#,SELL,0.02,3694.36,3695.94,3693.19,1460434230,1430227361,246810,Scalp SL150 TP125
2025-09-16 21:08:05,GOLD#,SELL,0.02,3696.46,3698.09,3693.59,1460436083,1430229217,246810,Scalp SL150 TP300
2025-09-16 21:15:05,GOLD#,SELL,0.02,3699.6,3701.07,3696.57,1460440672,1430233803,246810,Scalp SL150 TP300
2025-09-16 21:15:06,GOLD#,SELL,0.02,3699.61,3701.1,3696.6,1460440693,1430233824,246810,Scalp SL150 TP300
2025-09-16 21:15:13,GOLD#,SELL,0.02,3699.6,3701.1,3696.92,1460440741,1430233872,246810,Scalp SL150 TP268
2025-09-16 21:20:24,GOLD#,SELL,0.02,3699.61,3701.11,3696.61,1460448540,1430241700,246810,Scalp SL150 TP300
2025-09-16 21:20:24,GOLD#,SELL,0.02,3699.57,3701.02,3696.85,1460448548,1430241709,246810,Scalp SL150 TP267
2025-09-16 21:21:34,GOLD#,SELL,0.02,3699.73,3701.22,3696.72,1460449379,1430242520,246810,Scalp SL150 TP300
2025-09-16 21:21:38,GOLD#,SELL,0.02,3699.57,3701.08,3696.58,1460449444,1430242585,246810,Scalp SL150 TP300
2025-09-16 21:21:38,GOLD#,SELL,0.02,3699.58,3701.0,3696.78,1460449439,1430242580,246810,Scalp SL150 TP272
2025-09-16 21:22:04,GOLD#,SELL,0.02,3699.54,3701.05,3696.55,1460449755,1430242890,246810,Scalp SL150 TP300
2025-09-16 21:22:08,GOLD#,SELL,0.02,3699.26,3700.76,3696.26,1460449806,1430242941,246810,Scalp SL150 TP300
2025-09-16 21:24:03,GOLD#,SELL,0.02,3699.53,3701.0,3696.5,1460451130,1430244276,246810,Scalp SL150 TP300
2025-09-16 21:26:22,GOLD#,SELL,0.02,3699.07,3700.57,3696.47,1460453307,1430246433,246810,Scalp SL150 TP260
2025-09-16 21:30:09,GOLD#,BUY,0.02,3693.27,3691.73,3696.23,1460459656,1430252767,246810,Scalp SL150 TP300
2025-09-16 21:30:10,GOLD#,BUY,0.02,3693.21,3691.69,3695.33,1460459690,1430252800,246810,Scalp SL150 TP214
2025-09-16 21:35:33,GOLD#,BUY,0.02,3692.77,3691.24,3695.74,1460467093,1430260184,246810,Scalp SL150 TP300
2025-09-16 21:35:33,GOLD#,BUY,0.02,3692.75,3691.25,3694.5,1460467095,1430260185,246810,Scalp SL150 TP175
2025-09-16 21:35:33,GOLD#,BUY,0.02,3692.72,3691.23,3695.73,1460467102,1430260191,246810,Scalp SL150 TP300
2025-09-16 21:36:04,GOLD#,BUY,0.02,3693.71,3692.21,3696.71,1460467698,1430260788,246810,Scalp SL150 TP300
2025-09-16 21:36:04,GOLD#,BUY,0.02,3693.72,3692.21,3695.41,1460467704,1430260794,246810,Scalp SL150 TP170
2025-09-16 21:36:32,GOLD#,SELL,0.02,3692.82,3694.28,3689.78,1460468125,1430261218,246810,Scalp SL150 TP300
2025-09-16 21:36:32,GOLD#,SELL,0.02,3692.96,3694.32,3690.14,1460468131,1430261224,246810,Scalp SL150 TP268
2025-09-16 21:36:32,GOLD#,SELL,0.02,3692.78,3694.3,3689.8,1460468120,1430261213,246810,Scalp SL150 TP300
2025-09-16 21:37:08,GOLD#,BUY,0.02,3694.4,3692.87,3696.97,1460468503,1430261573,246810,Scalp SL150 TP260
2025-09-16 21:37:09,GOLD#,BUY,0.02,3694.4,3692.9,3697.4,1460468505,1430261575,246810,Scalp SL150 TP300
2025-09-16 21:37:09,GOLD#,BUY,0.02,3694.42,3692.9,3696.48,1460468507,1430261577,246810,Scalp SL150 TP208
2025-09-16 21:37:27,GOLD#,SELL,0.02,3693.71,3695.24,3690.74,1460468729,1430261799,246810,Scalp SL150 TP300
2025-09-16 21:37:27,GOLD#,SELL,0.02,3693.77,3695.23,3690.98,1460468732,1430261802,246810,Scalp SL150 TP275
2025-09-16 21:38:09,GOLD#,BUY,0.02,3694.74,3692.98,3697.03,1460469705,1430262759,246810,Scalp SL150 TP255
2025-09-16 21:38:42,GOLD#,SELL,0.02,3694.69,3696.14,3691.64,1460470070,1430263132,246810,Scalp SL150 TP300
2025-09-16 21:38:43,GOLD#,SELL,0.02,3694.77,3696.28,3692.11,1460470074,1430263137,246810,Scalp SL150 TP267
2025-09-16 21:38:43,GOLD#,SELL,0.02,3694.89,3696.27,3691.77,1460470077,1430263140,246810,Scalp SL150 TP300
2025-09-16 21:39:25,GOLD#,SELL,0.02,3695.06,3696.47,3691.97,1460470404,1430263467,246810,Scalp SL150 TP300
2025-09-16 21:39:41,GOLD#,SELL,0.02,3695.03,3696.31,3691.81,1460470496,1430263540,246810,Scalp SL150 TP300
2025-09-16 21:40:31,GOLD#,BUY,0.02,3694.94,3693.47,3696.94,1460470946,1430263955,246810,Scalp SL150 TP197
2025-09-16 21:40:34,GOLD#,BUY,0.02,3694.93,3693.49,3697.99,1460470991,1430263998,246810,Scalp SL150 TP300
2025-09-16 21:40:41,GOLD#,BUY,0.02,3693.6,3692.1,3695.84,1460471146,1430264154,246810,Scalp SL150 TP224
2025-09-16 21:40:41,GOLD#,BUY,0.02,3693.6,3692.18,3696.68,1460471142,1430264150,246810,Scalp SL150 TP300
2025-09-16 22:25:06,GOLD#,BUY,0.02,3684.69,3683.13,3686.2,1460503349,1430296278,246810,Scalp SL150 TP157
2025-09-16 22:25:07,GOLD#,BUY,0.02,3684.67,3683.17,3687.67,1460503357,1430296285,246810,Scalp SL150 TP300
2025-09-16 22:25:18,GOLD#,BUY,0.02,3684.44,3682.91,3685.95,1460503513,1430296442,246810,Scalp SL150 TP154
2025-09-16 22:25:42,GOLD#,BUY,0.02,3684.58,3683.1,3687.6,1460503677,1430296586,246810,Scalp SL150 TP300
2025-09-16 22:25:43,GOLD#,BUY,0.02,3684.71,3683.07,3686.84,1460503712,1430296620,246810,Scalp SL150 TP227
2025-09-16 22:28:08,GOLD#,BUY,0.02,3684.9,3683.39,3686.91,1460505314,1430298218,246810,Scalp SL150 TP202
2025-09-16 22:33:09,GOLD#,SELL,0.02,3680.05,3681.72,3677.22,1460508374,1430301288,246810,Scalp SL150 TP300
2025-09-16 22:33:11,GOLD#,SELL,0.02,3680.24,3681.73,3677.23,1460508452,1430301364,246810,Scalp SL150 TP300
2025-09-16 22:33:11,GOLD#,SELL,0.02,3680.26,3681.74,3678.97,1460508453,1430301365,246810,Scalp SL150 TP127
2025-09-16 22:39:42,GOLD#,SELL,0.02,3680.34,3681.79,3677.29,1460513187,1430306138,246810,Scalp SL150 TP300
2025-09-16 22:55:24,GOLD#,SELL,0.02,3685.79,3687.31,3682.81,1460521257,1430314152,246810,Scalp SL150 TP300
2025-09-16 22:55:24,GOLD#,SELL,0.02,3685.74,3687.26,3683.85,1460521275,1430314170,246810,Scalp SL150 TP191
2025-09-16 22:55:24,GOLD#,SELL,0.02,3685.74,3687.24,3682.74,1460521276,1430314171,246810,Scalp SL150 TP300
2025-09-16 22:56:46,GOLD#,SELL,0.02,3685.68,3687.17,3682.67,1460521695,1430314552,246810,Scalp SL150 TP300
2025-09-16 22:56:46,GOLD#,SELL,0.02,3685.69,3687.19,3683.63,1460521697,1430314554,246810,Scalp SL150 TP206
2025-09-16 23:00:23,GOLD#,SELL,0.02,3686.2,3687.7,3683.2,1460523333,1430316286,246810,Scalp SL150 TP300
2025-09-16 23:00:23,GOLD#,SELL,0.02,3686.17,3687.71,3683.21,1460523329,1430316283,246810,Scalp SL150 TP300
2025-09-16 23:01:25,GOLD#,SELL,0.02,3686.53,3687.92,3684.92,1460523949,1430316907,246810,Scalp SL150 TP150
2025-09-16 23:01:25,GOLD#,SELL,0.02,3686.33,3687.82,3683.32,1460523959,1430316917,246810,Scalp SL150 TP300
2025-09-16 23:01:27,GOLD#,SELL,0.02,3686.51,3687.96,3683.46,1460523991,1430316948,246810,Scalp SL150 TP300
2025-09-16 23:03:02,GOLD#,SELL,0.02,3686.56,3688.1,3683.6,1460525360,1430318289,246810,Scalp SL150 TP300
2025-09-16 23:03:12,GOLD#,SELL,0.02,3686.41,3687.96,3683.46,1460525415,1430318345,246810,Scalp SL150 TP300
2025-09-16 23:08:09,GOLD#,BUY,0.02,3686.07,3684.56,3687.89,1460526678,1430319583,246810,Scalp SL150 TP183
2025-09-16 23:09:57,GOLD#,BUY,0.02,3685.39,3684.01,3686.51,1460527275,1430320191,246810,Scalp SL150 TP100
2025-09-16 23:11:11,GOLD#,SELL,0.02,3686.13,3687.67,3683.17,1460527630,1430320530,246810,Scalp SL150 TP300
2025-09-16 23:11:11,GOLD#,SELL,0.02,3686.17,3687.68,3685.18,1460527628,1430320528,246810,Scalp SL150 TP100
2025-09-16 23:11:12,GOLD#,SELL,0.02,3686.19,3687.69,3684.79,1460527642,1430320542,246810,Scalp SL150 TP140
2025-09-16 23:12:33,GOLD#,SELL,0.02,3686.37,3687.91,3685.41,1460527917,1430320799,246810,Scalp SL150 TP100
2025-09-16 23:14:52,GOLD#,SELL,0.02,3687.29,3688.75,3684.25,1460528723,1430321619,246810,Scalp SL150 TP300
2025-09-16 23:14:59,GOLD#,SELL,0.02,3687.21,3688.71,3686.21,1460528775,1430321672,246810,Scalp SL150 TP100
2025-09-16 23:14:59,GOLD#,SELL,0.02,3687.17,3688.67,3685.36,1460528774,1430321671,246810,Scalp SL150 TP181
2025-09-16 23:44:34,GOLD#,SELL,0.02,3686.45,3687.96,3683.83,1460538050,1430330890,246810,Scalp SL150 TP263
2025-09-16 23:44:34,GOLD#,SELL,0.02,3686.45,3687.95,3683.45,1460538056,1430330896,246810,Scalp SL150 TP300
2025-09-16 23:44:34,GOLD#,SELL,0.02,3686.49,3687.99,3685.49,1460538058,1430330898,246810,Scalp SL150 TP100
2025-09-16 23:46:48,GOLD#,BUY,0.02,3689.31,3687.78,3691.64,1460539300,1430332121,246810,Scalp SL150 TP236
2025-09-16 23:46:49,GOLD#,BUY,0.02,3689.31,3687.81,3692.31,1460539303,1430332124,246810,Scalp SL150 TP300
2025-09-16 23:46:49,GOLD#,BUY,0.02,3689.31,3687.81,3690.31,1460539302,1430332123,246810,Scalp SL150 TP100
2025-09-16 23:47:19,GOLD#,BUY,0.02,3689.54,3688.04,3690.54,1460539420,1430332241,246810,Scalp SL150 TP100
2025-09-16 23:47:19,GOLD#,BUY,0.02,3689.54,3688.04,3691.75,1460539419,1430332240,246810,Scalp SL150 TP221
2025-09-16 23:54:31,GOLD#,SELL,0.02,3690.64,3692.12,3689.42,1460541194,1430333971,246810,Scalp SL150 TP120
2025-09-16 23:54:31,GOLD#,SELL,0.02,3690.64,3692.14,3687.64,1460541204,1430333981,246810,Scalp SL150 TP300
2025-09-16 23:54:31,GOLD#,SELL,0.02,3690.6,3692.14,3689.64,1460541205,1430333982,246810,Scalp SL150 TP100
2025-09-16 23:56:22,GOLD#,SELL,0.02,3690.58,3692.08,3689.41,1460541631,1430334403,246810,Scalp SL150 TP117
2025-09-17 00:05:53,GOLD#,BUY,0.02,3690.02,3688.52,3691.02,1460544418,1430337157,246810,Scalp SL150 TP100
2025-09-17 00:05:53,GOLD#,BUY,0.02,3690.02,3688.52,3691.97,1460544435,1430337175,246810,Scalp SL150 TP195
2025-09-17 00:05:53,GOLD#,BUY,0.02,3690.02,3688.52,3693.02,1460544440,1430337180,246810,Scalp SL150 TP300
2025-09-17 00:26:06,GOLD#,BUY,0.02,3688.29,3686.79,3690.15,1460551364,1430344051,246810,Scalp SL150 TP186
2025-09-17 00:26:07,GOLD#,BUY,0.02,3688.29,3686.79,3690.72,1460551366,1430344053,246810,Scalp SL150 TP243
2025-09-17 00:26:07,GOLD#,BUY,0.02,3688.29,3686.79,3691.29,1460551368,1430344055,246810,Scalp SL150 TP300
2025-09-17 00:26:28,GOLD#,SELL,0.02,3687.75,3689.23,3686.45,1460551424,1430344107,246810,Scalp SL150 TP128
2025-09-17 00:30:59,GOLD#,SELL,0.02,3688.49,3689.98,3685.48,1460552391,1430345068,246810,Scalp SL150 TP300
2025-09-17 00:30:59,GOLD#,SELL,0.02,3688.48,3690.01,3686.16,1460552387,1430345064,246810,Scalp SL150 TP235
2025-09-17 00:38:57,GOLD#,SELL,0.02,3688.1,3689.56,3687.06,1460555046,1430347690,246810,Scalp SL150 TP100
2025-09-17 00:41:10,GOLD#,BUY,0.02,3687.51,3686.01,3689.87,1460555869,1430348488,246810,Scalp SL150 TP236
2025-09-17 00:45:59,GOLD#,BUY,0.02,3688.14,3686.62,3690.43,1460557127,1430349740,246810,Scalp SL150 TP231
2025-09-17 00:45:59,GOLD#,BUY,0.02,3688.18,3686.64,3689.14,1460557129,1430349741,246810,Scalp SL150 TP100
2025-09-17 00:45:59,GOLD#,BUY,0.02,3688.17,3686.69,3691.19,1460557130,1430349743,246810,Scalp SL150 TP300
2025-09-17 00:47:32,GOLD#,BUY,0.02,3688.42,3686.91,3689.41,1460557327,1430349953,246810,Scalp SL150 TP100
2025-09-17 00:52:08,GOLD#,SELL,0.02,3687.22,3688.97,3686.47,1460559147,1430351762,246810,Scalp SL150 TP100
2025-09-17 00:57:13,GOLD#,SELL,0.02,3687.31,3688.79,3685.94,1460560309,1430352906,246810,Scalp SL150 TP135
2025-09-17 01:05:43,GOLD#,BUY,0.02,3687.18,3685.68,3690.18,1460561813,1430354322,246810,Scalp SL150 TP300
2025-09-17 01:05:44,GOLD#,BUY,0.02,3687.18,3685.68,3688.18,1460561814,1430354323,246810,Scalp SL150 TP100
2025-09-17 01:05:44,GOLD#,BUY,0.02,3687.18,3685.68,3689.1,1460561815,1430354324,246810,Scalp SL150 TP192
2025-09-17 01:08:24,GOLD#,SELL,0.02,3687.44,3688.94,3686.44,1460562208,1430354707,246810,Scalp SL150 TP100
2025-09-17 01:19:28,GOLD#,BUY,0.02,3688.0,3686.5,3689.0,1460563545,1430356010,246810,Scalp SL150 TP100
2025-09-17 01:25:45,GOLD#,BUY,0.02,3688.11,3686.58,3689.08,1460564208,1430356641,246810,Scalp SL150 TP100
2025-09-17 01:25:45,GOLD#,BUY,0.02,3688.13,3686.62,3691.12,1460564209,1430356642,246810,Scalp SL150 TP300
2025-09-17 02:09:06,GOLD#,SELL,0.02,3690.39,3691.89,3689.39,1460570726,1430362999,246810,Scalp SL150 TP100
2025-09-17 02:09:06,GOLD#,SELL,0.02,3690.39,3691.89,3688.16,1460570727,1430363000,246810,Scalp SL150 TP223
2025-09-17 02:09:06,GOLD#,SELL,0.02,3690.38,3691.89,3687.39,1460570728,1430363001,246810,Scalp SL150 TP300
2025-09-17 02:09:47,GOLD#,SELL,0.02,3690.39,3691.9,3688.15,1460570769,1430363045,246810,Scalp SL150 TP225
2025-09-17 02:30:09,GOLD#,BUY,0.02,3688.93,3687.43,3690.19,1460572342,1430364540,246810,Scalp SL150 TP126
2025-09-17 02:43:38,GOLD#,BUY,0.02,3688.77,3687.27,3689.9,1460573634,1430365768,246810,Scalp SL150 TP113
2025-09-17 02:43:39,GOLD#,BUY,0.02,3688.85,3687.35,3690.52,1460573637,1430365771,246810,Scalp SL150 TP167
2025-09-17 02:43:39,GOLD#,BUY,0.02,3688.84,3687.35,3691.85,1460573638,1430365772,246810,Scalp SL150 TP300
2025-09-17 02:50:18,GOLD#,BUY,0.02,3690.76,3689.28,3693.28,1460574426,1430366535,246810,Scalp SL150 TP250
2025-09-17 02:50:19,GOLD#,BUY,0.02,3690.77,3689.27,3693.77,1460574430,1430366538,246810,Scalp SL150 TP300
2025-09-17 02:50:19,GOLD#,BUY,0.02,3690.77,3689.27,3693.77,1460574428,1430366536,246810,Scalp SL150 TP300
2025-09-17 02:54:13,GOLD#,BUY,0.02,3690.41,3688.91,3692.8,1460574816,1430366908,246810,Scalp SL150 TP239
2025-09-17 02:59:11,GOLD#,SELL,0.02,3689.27,3690.77,3687.93,1460575437,1430367495,246810,Scalp SL150 TP134
2025-09-17 02:59:11,GOLD#,SELL,0.02,3689.27,3690.77,3688.27,1460575438,1430367497,246810,Scalp SL150 TP100
2025-09-17 02:59:11,GOLD#,SELL,0.02,3689.27,3690.77,3686.27,1460575436,1430367494,246810,Scalp SL150 TP300
2025-09-17 03:07:21,GOLD#,BUY,0.02,3690.82,3689.29,3693.79,1460576133,1430368182,246810,Scalp SL150 TP300
2025-09-17 03:42:05,GOLD#,BUY,0.02,3693.53,3692.03,3695.52,1460580602,1430372448,246810,Scalp SL150 TP199
2025-09-17 03:42:05,GOLD#,BUY,0.02,3693.53,3691.98,3694.48,1460580600,1430372446,246810,Scalp SL150 TP100
2025-09-17 03:42:06,GOLD#,BUY,0.02,3693.53,3692.03,3696.53,1460580603,1430372449,246810,Scalp SL150 TP300
2025-09-17 03:42:38,GOLD#,BUY,0.02,3693.38,3691.88,3694.38,1460580619,1430372460,246810,Scalp SL150 TP100
2025-09-17 03:42:38,GOLD#,BUY,0.02,3693.38,3691.88,3695.96,1460580620,1430372461,246810,Scalp SL150 TP258
2025-09-17 05:09:23,GOLD#,BUY,0.02,3690.81,3689.31,3691.81,1460583669,1430383790,246810,Scalp SL150 TP100
2025-09-17 05:09:24,GOLD#,BUY,0.02,3690.81,3689.31,3692.45,1460583672,1430383793,246810,Scalp SL150 TP164
2025-09-17 05:09:24,GOLD#,BUY,0.02,3690.81,3689.31,3693.81,1460583671,1430383792,246810,Scalp SL150 TP300
2025-09-17 05:09:59,GOLD#,BUY,0.02,3690.7,3689.23,3693.73,1460583716,1430383837,246810,Scalp SL150 TP300
2025-09-17 05:11:29,GOLD#,BUY,0.02,3690.3,3688.8,3693.3,1460583840,1430383960,246810,Scalp SL150 TP300
2025-09-17 05:56:50,GOLD#,BUY,0.02,3692.15,3690.65,3695.15,1460588259,1430388095,246810,Scalp SL150 TP300
2025-09-17 05:56:50,GOLD#,BUY,0.02,3692.15,3690.65,3693.15,1460588260,1430388096,246810,Scalp SL150 TP100
2025-09-17 06:16:21,GOLD#,BUY,0.02,3694.5,3692.99,3697.49,1460590489,1430390186,246810,Scalp SL150 TP300
2025-09-17 06:16:21,GOLD#,BUY,0.02,3694.5,3693.0,3696.9,1460590491,1430390188,246810,Scalp SL150 TP240
2025-09-17 06:16:22,GOLD#,BUY,0.02,3694.5,3693.0,3696.44,1460590492,1430390189,246810,Scalp SL150 TP194
2025-09-17 06:16:52,GOLD#,BUY,0.02,3695.04,3693.54,3698.04,1460590547,1430390241,246810,Scalp SL150 TP300
2025-09-17 06:20:44,GOLD#,BUY,0.02,3693.97,3692.47,3694.97,1460590898,1430390557,246810,Scalp SL150 TP100
2025-09-17 06:48:41,GOLD#,SELL,0.02,3693.01,3694.51,3691.69,1460592900,1430392472,246810,Scalp SL150 TP132
2025-09-17 06:48:41,GOLD#,SELL,0.02,3693.0,3694.5,3692.0,1460592897,1430392469,246810,Scalp SL150 TP100
2025-09-17 06:48:42,GOLD#,SELL,0.02,3692.92,3694.47,3689.97,1460592909,1430392481,246810,Scalp SL150 TP300
2025-09-17 07:00:34,GOLD#,SELL,0.02,3693.98,3695.42,3692.92,1460594059,1430393581,246810,Scalp SL150 TP100
2025-09-17 07:00:35,GOLD#,SELL,0.02,3694.02,3695.51,3691.78,1460594060,1430393582,246810,Scalp SL150 TP223
2025-09-17 07:02:35,GOLD#,SELL,0.02,3694.64,3696.14,3692.52,1460594319,1430393824,246810,Scalp SL150 TP212
2025-09-17 07:02:35,GOLD#,SELL,0.02,3694.64,3696.14,3693.64,1460594320,1430393825,246810,Scalp SL150 TP100
2025-09-17 07:02:36,GOLD#,SELL,0.02,3694.61,3696.12,3691.62,1460594321,1430393826,246810,Scalp SL150 TP300
2025-09-17 07:05:48,GOLD#,SELL,0.02,3692.63,3694.13,3689.81,1460594674,1430394165,246810,Scalp SL150 TP282
2025-09-17 07:12:33,GOLD#,SELL,0.02,3694.54,3696.04,3693.54,1460595950,1430395381,246810,Scalp SL150 TP100
2025-09-17 07:12:33,GOLD#,SELL,0.02,3694.54,3696.04,3692.71,1460595951,1430395382,246810,Scalp SL150 TP183
2025-09-17 07:12:33,GOLD#,SELL,0.02,3694.54,3696.04,3691.54,1460595952,1430395383,246810,Scalp SL150 TP300
2025-09-17 07:13:07,GOLD#,SELL,0.02,3694.71,3696.22,3691.72,1460595998,1430395434,246810,Scalp SL150 TP300
2025-09-17 07:27:49,GOLD#,BUY,0.02,3693.0,3691.5,3694.64,1460598058,1430397398,246810,Scalp SL150 TP164
2025-09-17 07:27:50,GOLD#,BUY,0.02,3693.0,3691.5,3694.19,1460598059,1430397399,246810,Scalp SL150 TP119
2025-09-17 07:27:50,GOLD#,BUY,0.02,3693.02,3691.5,3696.0,1460598060,1430397400,246810,Scalp SL150 TP300
2025-09-17 07:43:46,GOLD#,SELL,0.02,3693.1,3694.62,3691.86,1460599795,1430399007,246810,Scalp SL150 TP126
2025-09-17 07:44:11,GOLD#,SELL,0.02,3693.05,3694.55,3690.05,1460599828,1430399040,246810,Scalp SL150 TP300
2025-09-17 07:44:11,GOLD#,SELL,0.02,3692.88,3694.37,3691.87,1460599831,1430399044,246810,Scalp SL150 TP100
2025-09-17 07:53:44,GOLD#,BUY,0.02,3692.14,3690.68,3693.33,1460601749,1430401155,246810,Scalp SL150 TP115
2025-09-17 07:53:46,GOLD#,BUY,0.02,3692.15,3690.65,3695.15,1460601751,1430401157,246810,Scalp SL150 TP300
2025-09-17 07:53:46,GOLD#,BUY,0.02,3692.15,3690.65,3693.15,1460601752,1430401158,246810,Scalp SL150 TP100
2025-09-17 07:55:41,GOLD#,BUY,0.02,3692.52,3691.02,3694.2,1460601944,1430401338,246810,Scalp SL150 TP168
2025-09-17 08:00:07,GOLD#,BUY,0.02,3691.51,3689.93,3693.71,1460602827,1430402196,246810,Scalp SL150 TP228
2025-09-17 08:00:07,GOLD#,BUY,0.02,3691.49,3689.95,3693.27,1460602826,1430402195,246810,Scalp SL150 TP182
2025-09-17 08:00:07,GOLD#,BUY,0.02,3691.29,3689.7,3694.2,1460602813,1430402182,246810,Scalp SL150 TP300
2025-09-17 08:00:07,GOLD#,BUY,0.02,3691.35,3689.83,3694.33,1460602818,1430402187,246810,Scalp SL150 TP300
2025-09-17 08:00:07,GOLD#,BUY,0.02,3691.51,3689.95,3694.45,1460602830,1430402199,246810,Scalp SL150 TP300
2025-09-17 08:00:07,GOLD#,BUY,0.02,3691.33,3689.8,3693.05,1460602816,1430402185,246810,Scalp SL150 TP175
2025-09-17 08:20:14,GOLD#,BUY,0.02,3690.9,3689.4,3693.66,1460607051,1430406301,246810,Scalp SL150 TP276
2025-09-17 08:20:14,GOLD#,BUY,0.02,3690.83,3689.4,3693.9,1460607055,1430406305,246810,Scalp SL150 TP300
2025-09-17 08:20:51,GOLD#,BUY,0.02,3690.93,3689.38,3693.64,1460607117,1430406358,246810,Scalp SL150 TP276
2025-09-17 08:26:41,GOLD#,SELL,0.02,3688.17,3689.66,3685.16,1460609167,1430408415,246810,Scalp SL150 TP300
2025-09-17 08:26:41,GOLD#,SELL,0.02,3688.15,3689.65,3685.15,1460609170,1430408418,246810,Scalp SL150 TP300
2025-09-17 08:26:42,GOLD#,SELL,0.02,3688.17,3689.7,3686.86,1460609173,1430408421,246810,Scalp SL150 TP134
2025-09-17 08:40:25,GOLD#,SELL,0.02,3681.07,3682.81,3678.31,1460617932,1430417265,246810,Scalp SL150 TP300
2025-09-17 08:40:28,GOLD#,SELL,0.02,3681.31,3682.82,3678.92,1460617945,1430417277,246810,Scalp SL150 TP240
2025-09-17 08:40:28,GOLD#,SELL,0.02,3681.35,3682.86,3678.36,1460617946,1430417278,246810,Scalp SL150 TP300
2025-09-17 08:40:56,GOLD#,SELL,0.02,3681.27,3682.77,3678.27,1460618013,1430417340,246810,Scalp SL150 TP300
2025-09-17 09:22:28,GOLD#,SELL,0.02,3679.19,3680.69,3677.67,1460629375,1430428539,246810,Scalp SL150 TP152
2025-09-17 09:22:28,GOLD#,SELL,0.02,3679.19,3680.69,3676.19,1460629377,1430428541,246810,Scalp SL150 TP300
2025-09-17 09:22:28,GOLD#,SELL,0.02,3679.19,3680.69,3677.6,1460629378,1430428542,246810,Scalp SL150 TP159
2025-09-17 09:26:19,GOLD#,SELL,0.02,3678.17,3679.66,3676.65,1460630180,1430429307,246810,Scalp SL150 TP151
2025-09-17 09:26:19,GOLD#,SELL,0.02,3678.16,3679.65,3677.15,1460630178,1430429306,246810,Scalp SL150 TP100
2025-09-17 09:31:04,GOLD#,BUY,0.02,3676.65,3675.21,3678.61,1460631200,1430430322,246810,Scalp SL150 TP190
2025-09-17 09:31:07,GOLD#,BUY,0.02,3677.01,3675.49,3679.99,1460631227,1430430349,246810,Scalp SL150 TP300
2025-09-17 09:31:07,GOLD#,BUY,0.02,3676.99,3675.48,3678.07,1460631226,1430430348,246810,Scalp SL150 TP109
2025-09-17 09:35:07,GOLD#,BUY,0.02,3677.37,3675.86,3678.91,1460632147,1430431243,246810,Scalp SL150 TP155
2025-09-17 09:35:07,GOLD#,BUY,0.02,3677.35,3675.87,3678.37,1460632148,1430431244,246810,Scalp SL150 TP100
2025-09-17 09:35:07,GOLD#,BUY,0.02,3677.35,3675.85,3680.35,1460632149,1430431245,246810,Scalp SL150 TP300
2025-09-17 09:35:57,GOLD#,BUY,0.02,3677.28,3675.85,3679.88,1460632280,1430431376,246810,Scalp SL150 TP253
2025-09-17 09:38:37,GOLD#,BUY,0.02,3675.81,3674.47,3677.37,1460634123,1430433296,246810,Scalp SL150 TP140
2025-09-17 09:38:45,GOLD#,BUY,0.02,3676.09,3674.5,3679.0,1460634166,1430433340,246810,Scalp SL150 TP300
2025-09-17 09:38:45,GOLD#,BUY,0.02,3676.1,3674.59,3678.78,1460634170,1430433344,246810,Scalp SL150 TP269
2025-09-17 09:40:05,GOLD#,BUY,0.02,3677.85,3676.28,3680.78,1460634537,1430433706,246810,Scalp SL150 TP300
2025-09-17 09:58:42,GOLD#,SELL,0.02,3682.07,3683.59,3681.09,1460639453,1430438567,246810,Scalp SL150 TP100
2025-09-17 09:58:43,GOLD#,SELL,0.02,3681.97,3683.5,3680.8,1460639455,1430438569,246810,Scalp SL150 TP120
2025-09-17 09:59:52,GOLD#,SELL,0.02,3682.34,3683.84,3680.19,1460639693,1430438799,246810,Scalp SL150 TP215
2025-09-17 09:59:53,GOLD#,SELL,0.02,3682.24,3683.79,3679.29,1460639698,1430438804,246810,Scalp SL150 TP300
2025-09-17 10:08:09,GOLD#,BUY,0.02,3680.65,3679.15,3683.65,1460641087,1430440149,246810,Scalp SL150 TP300
2025-09-17 10:08:10,GOLD#,BUY,0.02,3680.68,3679.15,3682.0,1460641088,1430440150,246810,Scalp SL150 TP135
2025-09-17 10:08:10,GOLD#,BUY,0.02,3680.65,3679.15,3682.74,1460641089,1430440151,246810,Scalp SL150 TP209
2025-09-17 10:13:49,GOLD#,BUY,0.02,3681.07,3679.58,3684.08,1460642249,1430441300,246810,Scalp SL150 TP300
2025-09-17 10:13:49,GOLD#,BUY,0.02,3681.06,3679.57,3682.76,1460642250,1430441301,246810,Scalp SL150 TP169
2025-09-17 10:13:49,GOLD#,BUY,0.02,3681.14,3679.64,3682.95,1460642251,1430441302,246810,Scalp SL150 TP181
2025-09-17 10:21:55,GOLD#,SELL,0.02,3682.92,3684.43,3679.93,1460645143,1430444170,246810,Scalp SL150 TP300
2025-09-17 10:21:55,GOLD#,SELL,0.02,3682.93,3684.43,3681.34,1460645145,1430444172,246810,Scalp SL150 TP159
2025-09-17 10:21:55,GOLD#,SELL,0.02,3682.92,3684.42,3681.92,1460645144,1430444171,246810,Scalp SL150 TP100
2025-09-17 10:22:32,GOLD#,SELL,0.02,3682.92,3684.4,3681.47,1460645284,1430444309,246810,Scalp SL150 TP143
2025-09-17 10:30:26,GOLD#,BUY,0.02,3681.42,3679.86,3684.36,1460646850,1430445861,246810,Scalp SL150 TP300
2025-09-17 10:30:27,GOLD#,BUY,0.02,3681.43,3679.92,3682.72,1460646853,1430445865,246810,Scalp SL150 TP130
2025-09-17 10:30:27,GOLD#,BUY,0.02,3681.43,3679.93,3683.71,1460646855,1430445867,246810,Scalp SL150 TP228
2025-09-17 10:39:17,GOLD#,BUY,0.02,3681.73,3680.24,3684.69,1460647749,1430446724,246810,Scalp SL150 TP295
2025-09-17 10:57:26,GOLD#,BUY,0.02,3681.71,3680.21,3682.71,1460650262,1430449178,246810,Scalp SL150 TP100
2025-09-17 10:57:26,GOLD#,BUY,0.02,3681.71,3680.21,3684.71,1460650264,1430449180,246810,Scalp SL150 TP300
2025-09-17 10:57:26,GOLD#,BUY,0.02,3681.71,3680.21,3682.85,1460650263,1430449179,246810,Scalp SL150 TP114
2025-09-17 12:10:32,GOLD#,BUY,0.02,3684.93,3683.43,3687.93,1460661498,1430460255,246810,Scalp SL150 TP300
2025-09-17 12:10:32,GOLD#,BUY,0.02,3684.95,3683.45,3687.95,1460661496,1430460253,246810,Scalp SL150 TP300
2025-09-17 12:10:32,GOLD#,BUY,0.02,3684.94,3683.44,3687.3,1460661497,1430460254,246810,Scalp SL150 TP236
2025-09-17 12:30:04,GOLD#,SELL,0.02,3680.62,3682.12,3678.75,1460669379,1430468146,246810,Scalp SL150 TP187
2025-09-17 12:30:04,GOLD#,SELL,0.02,3680.5,3682.04,3679.54,1460669386,1430468153,246810,Scalp SL150 TP100
2025-09-17 12:30:39,GOLD#,SELL,0.02,3680.94,3682.28,3677.78,1460669720,1430468484,246810,Scalp SL150 TP300
2025-09-17 12:30:39,GOLD#,SELL,0.02,3680.96,3682.44,3679.94,1460669722,1430468486,246810,Scalp SL150 TP100
2025-09-17 12:31:28,GOLD#,SELL,0.02,3680.91,3682.38,3678.48,1460670227,1430468986,246810,Scalp SL150 TP240
2025-09-17 12:33:40,GOLD#,BUY,0.02,3679.69,3678.19,3680.69,1460672130,1430470919,246810,Scalp SL150 TP100
2025-09-17 12:33:40,GOLD#,BUY,0.02,3679.69,3678.19,3682.69,1460672133,1430470922,246810,Scalp SL150 TP300
2025-09-17 12:50:31,GOLD#,BUY,0.02,3678.12,3676.6,3681.1,1460680198,1430479102,246810,Scalp SL150 TP300
2025-09-17 12:50:31,GOLD#,BUY,0.02,3678.16,3676.63,3679.13,1460680202,1430479106,246810,Scalp SL150 TP100
2025-09-17 12:50:31,GOLD#,BUY,0.02,3678.16,3676.66,3680.37,1460680203,1430479107,246810,Scalp SL150 TP221
2025-09-17 12:50:44,GOLD#,SELL,0.02,3677.81,3679.31,3676.81,1460680468,1430479368,246810,Scalp SL150 TP100
2025-09-17 12:50:44,GOLD#,SELL,0.02,3677.81,3679.31,3674.81,1460680466,1430479366,246810,Scalp SL150 TP300
2025-09-17 13:00:03,GOLD#,SELL,0.02,3679.21,3680.79,3676.29,1460682584,1430481579,246810,Scalp SL150 TP300
2025-09-17 13:00:03,GOLD#,SELL,0.02,3678.92,3680.44,3676.92,1460682596,1430481589,246810,Scalp SL150 TP202
2025-09-17 13:00:03,GOLD#,SELL,0.02,3678.93,3680.42,3677.92,1460682600,1430481591,246810,Scalp SL150 TP100
2025-09-17 13:01:25,GOLD#,BUY,0.02,3678.73,3677.23,3681.73,1460682872,1430481861,246810,Scalp SL150 TP300
2025-09-17 13:01:26,GOLD#,BUY,0.02,3678.72,3677.25,3680.22,1460682875,1430481864,246810,Scalp SL150 TP147
2025-09-17 13:05:24,GOLD#,BUY,0.02,3678.54,3677.07,3679.57,1460683813,1430482810,246810,Scalp SL150 TP100
2025-09-17 13:05:24,GOLD#,BUY,0.02,3678.52,3677.03,3681.53,1460683815,1430482812,246810,Scalp SL150 TP300
2025-09-17 13:05:24,GOLD#,BUY,0.02,3678.59,3677.04,3679.97,1460683820,1430482817,246810,Scalp SL150 TP143
2025-09-17 13:07:11,GOLD#,SELL,0.02,3677.2,3678.7,3675.75,1460684386,1430483413,246810,Scalp SL150 TP145
2025-09-17 13:07:13,GOLD#,SELL,0.02,3677.21,3678.75,3674.25,1460684409,1430483439,246810,Scalp SL150 TP300
2025-09-17 13:24:49,GOLD#,SELL,0.02,3677.54,3679.01,3674.51,1460690702,1430489780,246810,Scalp SL150 TP300
2025-09-17 13:24:49,GOLD#,SELL,0.02,3677.68,3679.19,3675.19,1460690707,1430489785,246810,Scalp SL150 TP250
2025-09-17 13:26:55,GOLD#,BUY,0.02,3676.52,3674.85,3677.38,1460691890,1430490947,246810,Scalp SL150 TP103
2025-09-17 13:26:56,GOLD#,BUY,0.02,3676.66,3675.09,3679.59,1460691898,1430490955,246810,Scalp SL150 TP300
2025-09-17 13:26:57,GOLD#,BUY,0.02,3676.78,3675.29,3678.24,1460691902,1430490960,246810,Scalp SL150 TP145
2025-09-17 13:28:29,GOLD#,BUY,0.02,3677.18,3675.56,3678.06,1460692379,1430491416,246810,Scalp SL150 TP100
2025-09-17 13:31:13,GOLD#,BUY,0.02,3676.56,3674.79,3677.54,1460693077,1430492065,246810,Scalp SL150 TP125
2025-09-17 13:31:32,GOLD#,BUY,0.02,3676.32,3674.82,3677.32,1460693193,1430492153,246810,Scalp SL150 TP100
2025-09-17 13:36:24,GOLD#,SELL,0.02,3675.77,3677.27,3674.74,1460695656,1430494585,246810,Scalp SL150 TP103
2025-09-17 13:36:25,GOLD#,SELL,0.02,3675.7,3677.2,3674.49,1460695662,1430494591,246810,Scalp SL150 TP121
2025-09-17 13:36:25,GOLD#,SELL,0.02,3675.7,3677.18,3672.68,1460695660,1430494589,246810,Scalp SL150 TP300
2025-09-17 13:36:54,GOLD#,SELL,0.02,3675.79,3677.23,3673.64,1460695749,1430494671,246810,Scalp SL150 TP209
2025-09-17 13:36:55,GOLD#,SELL,0.02,3675.8,3677.3,3672.8,1460695759,1430494682,246810,Scalp SL150 TP300
2025-09-17 13:56:20,GOLD#,BUY,0.02,3676.04,3674.54,3677.96,1460707288,1430506045,246810,Scalp SL150 TP192
2025-09-17 13:56:21,GOLD#,BUY,0.02,3676.04,3674.54,3678.68,1460707289,1430506048,246810,Scalp SL150 TP264
2025-09-17 13:56:21,GOLD#,BUY,0.02,3676.04,3674.54,3679.04,1460707291,1430506050,246810,Scalp SL150 TP300
2025-09-17 13:56:52,GOLD#,BUY,0.02,3675.91,3674.4,3677.38,1460707394,1430506150,246810,Scalp SL150 TP148
2025-09-17 13:56:52,GOLD#,BUY,0.02,3675.91,3674.41,3678.91,1460707395,1430506151,246810,Scalp SL150 TP300
2025-09-17 13:59:39,GOLD#,BUY,0.02,3675.58,3674.12,3678.06,1460708367,1430507083,246810,Scalp SL150 TP244
2025-09-17 13:59:39,GOLD#,BUY,0.02,3675.58,3674.08,3677.04,1460708370,1430507086,246810,Scalp SL150 TP146
2025-09-17 13:59:39,GOLD#,BUY,0.02,3675.58,3674.08,3678.58,1460708369,1430507085,246810,Scalp SL150 TP300
2025-09-17 14:08:06,GOLD#,BUY,0.02,3674.55,3673.13,3677.63,1460713269,1430511932,246810,Scalp SL150 TP300
2025-09-17 14:08:17,GOLD#,BUY,0.02,3674.68,3673.18,3677.68,1460713324,1430511988,246810,Scalp SL150 TP300
2025-09-17 14:08:17,GOLD#,BUY,0.02,3674.68,3673.2,3675.7,1460713323,1430511987,246810,Scalp SL150 TP100
2025-09-17 14:08:37,GOLD#,BUY,0.02,3675.06,3673.56,3676.25,1460713553,1430512222,246810,Scalp SL150 TP119
2025-09-17 14:08:47,GOLD#,BUY,0.02,3674.91,3673.41,3675.91,1460713635,1430512297,246810,Scalp SL150 TP100
2025-09-17 14:21:10,GOLD#,SELL,0.02,3670.74,3672.29,3669.27,1460719381,1430517998,246810,Scalp SL150 TP152
2025-09-17 14:21:10,GOLD#,SELL,0.02,3670.74,3672.24,3667.74,1460719382,1430517999,246810,Scalp SL150 TP300
2025-09-17 14:28:22,GOLD#,SELL,0.02,3670.44,3671.93,3667.43,1460721498,1430520009,246810,Scalp SL150 TP300
2025-09-17 14:28:22,GOLD#,SELL,0.02,3670.47,3671.96,3667.46,1460721495,1430520006,246810,Scalp SL150 TP300
2025-09-17 14:36:04,GOLD#,SELL,0.02,3670.14,3671.74,3668.02,1460727342,1430525960,246810,Scalp SL150 TP222
2025-09-17 14:36:04,GOLD#,SELL,0.02,3670.45,3672.01,3667.51,1460727337,1430525955,246810,Scalp SL150 TP300
2025-09-17 14:36:04,GOLD#,SELL,0.02,3670.1,3671.62,3667.12,1460727345,1430525963,246810,Scalp SL150 TP300
2025-09-17 14:36:34,GOLD#,SELL,0.02,3670.53,3672.01,3667.51,1460727647,1430526244,246810,Scalp SL150 TP300
2025-09-17 14:36:34,GOLD#,SELL,0.02,3670.52,3672.03,3667.86,1460727652,1430526249,246810,Scalp SL150 TP267
2025-09-17 14:43:32,GOLD#,SELL,0.02,3670.45,3672.0,3667.5,1460729777,1430528239,246810,Scalp SL150 TP300
2025-09-17 14:43:32,GOLD#,SELL,0.02,3670.44,3671.94,3667.44,1460729779,1430528242,246810,Scalp SL150 TP300
2025-09-17 14:43:32,GOLD#,SELL,0.02,3670.44,3671.94,3668.93,1460729780,1430528243,246810,Scalp SL150 TP151
2025-09-17 14:45:41,GOLD#,SELL,0.02,3670.65,3672.13,3668.99,1460730492,1430528933,246810,Scalp SL150 TP164
2025-09-17 14:45:45,GOLD#,SELL,0.02,3670.61,3672.11,3667.61,1460730504,1430528943,246810,Scalp SL150 TP300
2025-09-17 15:27:25,GOLD#,SELL,0.02,3665.84,3667.35,3662.85,1460746761,1430544502,246810,Scalp SL150 TP300
2025-09-17 15:27:25,GOLD#,SELL,0.02,3665.87,3667.37,3662.87,1460746762,1430544503,246810,Scalp SL150 TP300
2025-09-17 15:27:25,GOLD#,SELL,0.02,3665.87,3667.37,3664.53,1460746763,1430544504,246810,Scalp SL150 TP134
2025-09-17 15:34:00,GOLD#,SELL,0.02,3666.18,3667.68,3663.18,1460749235,1430546897,246810,Scalp SL150 TP300
2025-09-17 15:34:00,GOLD#,SELL,0.02,3666.18,3667.68,3663.7,1460749238,1430546900,246810,Scalp SL150 TP248
2025-09-17 15:34:04,GOLD#,SELL,0.02,3666.09,3667.67,3665.17,1460749275,1430546937,246810,Scalp SL150 TP100
2025-09-17 15:34:33,GOLD#,BUY,0.02,3666.36,3664.86,3667.36,1460749561,1430547228,246810,Scalp SL150 TP100
2025-09-17 15:34:34,GOLD#,BUY,0.02,3666.36,3664.86,3669.21,1460749563,1430547230,246810,Scalp SL150 TP285
2025-09-17 15:34:34,GOLD#,SELL,0.02,3666.15,3667.65,3663.24,1460749564,1430547231,246810,Scalp SL150 TP291
2025-09-17 15:47:51,GOLD#,SELL,0.02,3666.13,3667.63,3664.0,1460756870,1430554587,246810,Scalp SL150 TP213
2025-09-17 15:47:54,GOLD#,SELL,0.02,3666.08,3667.56,3663.64,1460756879,1430554596,246810,Scalp SL150 TP242
2025-09-17 15:47:54,GOLD#,SELL,0.02,3666.03,3667.53,3663.03,1460756882,1430554599,246810,Scalp SL150 TP300
2025-09-17 15:48:55,GOLD#,SELL,0.02,3666.29,3667.73,3663.23,1460757178,1430554888,246810,Scalp SL150 TP300
2025-09-17 16:01:36,GOLD#,SELL,0.02,3665.25,3666.75,3663.25,1460761684,1430559388,246810,Scalp SL150 TP200
2025-09-17 16:01:36,GOLD#,SELL,0.02,3665.25,3666.81,3664.08,1460761682,1430559386,246810,Scalp SL150 TP123
2025-09-17 16:07:23,GOLD#,SELL,0.02,3665.55,3667.04,3663.07,1460762785,1430560483,246810,Scalp SL150 TP247
2025-09-17 16:07:23,GOLD#,SELL,0.02,3665.61,3667.05,3664.0,1460762790,1430560489,246810,Scalp SL150 TP155
2025-09-17 16:07:23,GOLD#,SELL,0.02,3665.62,3667.11,3662.61,1460762794,1430560493,246810,Scalp SL150 TP300
2025-09-17 16:07:52,GOLD#,SELL,0.02,3665.27,3666.77,3664.01,1460762918,1430560616,246810,Scalp SL150 TP126
2025-09-17 16:07:53,GOLD#,SELL,0.02,3665.29,3666.78,3662.29,1460762924,1430560622,246810,Scalp SL150 TP299
2025-09-17 16:20:09,GOLD#,SELL,0.02,3668.91,3670.41,3665.91,1460768663,1430566353,246810,Scalp SL150 TP300
2025-09-17 16:20:10,GOLD#,SELL,0.02,3668.93,3670.43,3665.93,1460768669,1430566357,246810,Scalp SL150 TP300
2025-09-17 16:20:10,GOLD#,SELL,0.02,3668.98,3670.43,3666.59,1460768670,1430566358,246810,Scalp SL150 TP234
2025-09-17 16:21:16,GOLD#,SELL,0.02,3668.94,3670.44,3666.29,1460769154,1430566839,246810,Scalp SL150 TP265
2025-09-17 16:21:16,GOLD#,SELL,0.02,3668.94,3670.44,3665.94,1460769158,1430566843,246810,Scalp SL150 TP300
2025-09-17 16:23:58,GOLD#,SELL,0.02,3669.23,3670.73,3666.23,1460770214,1430567905,246810,Scalp SL150 TP300
2025-09-17 16:23:58,GOLD#,SELL,0.02,3669.2,3670.7,3666.2,1460770222,1430567913,246810,Scalp SL150 TP300
2025-09-17 16:23:58,GOLD#,SELL,0.02,3669.19,3670.69,3666.34,1460770229,1430567920,246810,Scalp SL150 TP285
2025-09-17 16:24:28,GOLD#,SELL,0.02,3668.61,3670.11,3665.61,1460770418,1430568099,246810,Scalp SL150 TP300
2025-09-17 16:24:28,GOLD#,SELL,0.02,3668.62,3670.11,3665.61,1460770419,1430568100,246810,Scalp SL150 TP300
2025-09-17 16:28:03,GOLD#,SELL,0.02,3669.23,3670.77,3666.27,1460771700,1430569348,246810,Scalp SL150 TP300
2025-09-17 16:28:03,GOLD#,SELL,0.02,3669.26,3670.73,3666.23,1460771701,1430569349,246810,Scalp SL150 TP300
2025-09-17 16:47:12,GOLD#,SELL,0.02,3668.54,3670.04,3665.54,1460777935,1430575458,246810,Scalp SL150 TP300
2025-09-17 16:50:23,GOLD#,SELL,0.02,3668.46,3669.93,3665.43,1460779006,1430576539,246810,Scalp SL150 TP300
2025-09-17 16:50:23,GOLD#,SELL,0.02,3668.48,3669.96,3665.46,1460779010,1430576543,246810,Scalp SL150 TP300
2025-09-17 16:50:23,GOLD#,SELL,0.02,3668.47,3669.98,3665.62,1460779019,1430576552,246810,Scalp SL150 TP286
2025-09-17 16:50:53,GOLD#,SELL,0.02,3668.53,3670.03,3665.53,1460779172,1430576721,246810,Scalp SL150 TP300
2025-09-17 17:01:38,GOLD#,SELL,0.02,3668.87,3670.53,3666.03,1460782075,1430579632,246810,Scalp SL150 TP300
2025-09-17 17:01:38,GOLD#,SELL,0.02,3668.91,3670.43,3667.93,1460782077,1430579634,246810,Scalp SL150 TP100
2025-09-17 17:01:39,GOLD#,SELL,0.02,3668.91,3670.41,3666.46,1460782080,1430579637,246810,Scalp SL150 TP245
2025-09-17 17:01:57,GOLD#,SELL,0.02,3668.02,3669.52,3665.02,1460782129,1430579690,246810,Scalp SL150 TP300
2025-09-17 17:01:57,GOLD#,SELL,0.02,3668.03,3669.52,3666.58,1460782131,1430579692,246810,Scalp SL150 TP144
2025-09-17 17:02:54,GOLD#,SELL,0.02,3667.77,3669.22,3665.01,1460782305,1430579867,246810,Scalp SL150 TP271
2025-09-17 17:04:06,GOLD#,SELL,0.02,3669.02,3670.58,3666.08,1460782701,1430580275,246810,Scalp SL150 TP300
2025-09-17 17:04:06,GOLD#,SELL,0.02,3669.08,3670.58,3668.08,1460782698,1430580272,246810,Scalp SL150 TP100
2025-09-17 17:05:12,GOLD#,SELL,0.02,3667.82,3669.35,3664.85,1460782824,1430580398,246810,Scalp SL150 TP300
2025-09-17 17:09:39,GOLD#,SELL,0.02,3664.44,3665.94,3662.59,1460786135,1430583732,246810,Scalp SL150 TP185
2025-09-17 17:09:40,GOLD#,SELL,0.02,3664.42,3665.93,3661.43,1460786143,1430583740,246810,Scalp SL150 TP300
2025-09-17 17:09:40,GOLD#,SELL,0.02,3664.43,3665.92,3661.42,1460786146,1430583742,246810,Scalp SL150 TP300
2025-09-17 17:10:26,GOLD#,BUY,0.02,3663.95,3662.45,3666.95,1460787364,1430585008,246810,Scalp SL150 TP300
2025-09-17 17:10:26,GOLD#,BUY,0.02,3663.95,3662.45,3665.68,1460787367,1430585011,246810,Scalp SL150 TP173
2025-09-17 17:10:56,GOLD#,BUY,0.02,3664.39,3662.86,3667.36,1460787555,1430585202,246810,Scalp SL150 TP300
2025-09-17 17:10:56,GOLD#,BUY,0.02,3664.37,3662.9,3666.8,1460787551,1430585198,246810,Scalp SL150 TP240

2025-09-17 17:13:45,GOLD#,BUY,0.02,3663.7,3662.22,3666.72,1460791320,1430589076,246810,Scalp SL150 TP300
2025-09-17 17:13:45,GOLD#,BUY,0.02,3663.81,3662.2,3666.7,1460791327,1430589084,246810,Scalp SL150 TP300
2025-09-17 17:13:45,GOLD#,BUY,0.02,3663.96,3662.48,3665.11,1460791333,1430589090,246810,Scalp SL150 TP113
2025-09-17 17:14:14,GOLD#,BUY,0.02,3663.7,3662.22,3666.72,1460792278,1430590027,246810,Scalp SL150 TP300
2025-09-17 17:14:14,GOLD#,BUY,0.02,3663.7,3662.2,3666.7,1460792283,1430590032,246810,Scalp SL150 TP300
2025-09-17 17:22:17,GOLD#,BUY,0.02,3666.71,3665.21,3669.31,1460796251,1430593789,246810,Scalp SL150 TP260
2025-09-17 17:22:17,GOLD#,BUY,0.02,3667.19,3665.33,3667.83,1460796254,1430593792,246810,Scalp SL150 TP100
2025-09-17 17:24:13,GOLD#,BUY,0.02,3666.14,3664.66,3667.54,1460796953,1430594496,246810,Scalp SL150 TP138
2025-09-17 17:24:15,GOLD#,BUY,0.02,3666.15,3664.66,3669.16,1460796955,1430594499,246810,Scalp SL150 TP300
2025-09-17 17:24:20,GOLD#,BUY,0.02,3666.45,3664.74,3667.24,1460796970,1430594513,246810,Scalp SL150 TP100
2025-09-17 17:25:32,GOLD#,BUY,0.02,3666.9,3665.42,3667.92,1460797192,1430594732,246810,Scalp SL150 TP100
2025-09-17 17:25:32,GOLD#,BUY,0.02,3666.88,3665.42,3669.92,1460797193,1430594733,246810,Scalp SL150 TP300
2025-09-17 17:34:19,GOLD#,BUY,0.02,3665.37,3663.87,3668.37,1460799333,1430596807,246810,Scalp SL150 TP300
2025-09-17 17:34:20,GOLD#,BUY,0.02,3665.3,3663.8,3666.45,1460799335,1430596809,246810,Scalp SL150 TP115
2025-09-17 17:34:20,GOLD#,BUY,0.02,3665.3,3663.8,3666.62,1460799338,1430596812,246810,Scalp SL150 TP132
2025-09-17 17:34:52,GOLD#,BUY,0.02,3665.29,3663.79,3666.5,1460799524,1430597010,246810,Scalp SL150 TP121
2025-09-17 17:34:52,GOLD#,BUY,0.02,3665.25,3663.78,3666.3,1460799525,1430597011,246810,Scalp SL150 TP102
2025-09-17 17:38:28,GOLD#,BUY,0.02,3666.21,3664.71,3667.21,1460800181,1430597688,246810,Scalp SL150 TP100
2025-09-17 17:38:41,GOLD#,BUY,0.02,3666.58,3665.11,3667.79,1460800305,1430597816,246810,Scalp SL150 TP118
2025-09-17 17:39:10,GOLD#,BUY,0.02,3665.84,3664.31,3668.81,1460800510,1430598021,246810,Scalp SL150 TP300
2025-09-17 17:39:10,GOLD#,BUY,0.02,3665.82,3664.33,3666.83,1460800518,1430598029,246810,Scalp SL150 TP100
2025-09-17 17:39:12,GOLD#,BUY,0.02,3665.82,3664.32,3667.64,1460800523,1430598034,246810,Scalp SL150 TP182
2025-09-17 17:39:43,GOLD#,BUY,0.02,3665.66,3664.21,3666.73,1460800667,1430598184,246810,Scalp SL150 TP102
2025-09-17 17:45:48,GOLD#,SELL,0.02,3666.57,3668.07,3663.57,1460801876,1430599383,246810,Scalp SL150 TP300
2025-09-17 17:45:48,GOLD#,SELL,0.02,3666.57,3668.07,3664.44,1460801880,1430599386,246810,Scalp SL150 TP213
2025-09-17 17:47:54,GOLD#,BUY,0.02,3666.69,3665.19,3668.14,1460802296,1430599789,246810,Scalp SL150 TP145
2025-09-17 17:48:22,GOLD#,BUY,0.02,3666.1,3664.64,3667.14,1460802408,1430599904,246810,Scalp SL150 TP100
2025-09-17 17:52:21,GOLD#,BUY,0.02,3663.73,3662.18,3666.68,1460805485,1430603030,246810,Scalp SL150 TP300
2025-09-17 17:52:21,GOLD#,BUY,0.02,3663.63,3662.21,3666.71,1460805489,1430603034,246810,Scalp SL150 TP300
2025-09-17 17:53:42,GOLD#,BUY,0.02,3663.69,3662.19,3666.69,1460805988,1430603503,246810,Scalp SL150 TP300
2025-09-17 17:53:44,GOLD#,BUY,0.02,3663.7,3662.2,3665.4,1460806017,1430603530,246810,Scalp SL150 TP170
2025-09-17 17:53:44,GOLD#,BUY,0.02,3663.71,3662.2,3666.7,1460806028,1430603541,246810,Scalp SL150 TP300
2025-09-17 18:09:41,GOLD#,SELL,0.02,3662.54,3664.04,3661.54,1460813456,1430610842,246810,Scalp SL150 TP100
2025-09-17 18:09:41,GOLD#,SELL,0.02,3662.54,3664.04,3659.96,1460813458,1430610844,246810,Scalp SL150 TP258
2025-09-17 18:09:41,GOLD#,SELL,0.02,3662.58,3664.04,3659.54,1460813459,1430610845,246810,Scalp SL150 TP300
2025-09-17 18:17:56,GOLD#,SELL,0.02,3662.5,3663.96,3661.25,1460817556,1430614899,246810,Scalp SL150 TP121
2025-09-17 18:17:56,GOLD#,SELL,0.02,3662.48,3663.98,3659.48,1460817554,1430614897,246810,Scalp SL150 TP300
2025-09-17 18:17:56,GOLD#,SELL,0.02,3662.46,3664.0,3661.5,1460817557,1430614900,246810,Scalp SL150 TP100
2025-09-17 18:33:08,GOLD#,BUY,0.02,3667.8,3666.35,3670.85,1460824032,1430621336,246810,Scalp SL150 TP300
2025-09-17 18:33:08,GOLD#,BUY,0.02,3667.81,3666.31,3669.37,1460824030,1430621334,246810,Scalp SL150 TP156
2025-09-17 18:33:08,GOLD#,BUY,0.02,3667.82,3666.32,3670.82,1460824035,1430621338,246810,Scalp SL150 TP300
2025-09-17 18:35:31,GOLD#,SELL,0.02,3667.9,3669.4,3665.39,1460824489,1430621782,246810,Scalp SL150 TP251
2025-09-17 18:35:32,GOLD#,SELL,0.02,3667.87,3669.37,3664.87,1460824491,1430621784,246810,Scalp SL150 TP300
2025-09-17 18:39:09,GOLD#,BUY,0.02,3666.78,3665.28,3669.78,1460825665,1430622958,246810,Scalp SL150 TP300
2025-09-17 18:42:12,GOLD#,BUY,0.02,3668.08,3666.51,3670.5,1460826814,1430624093,246810,Scalp SL150 TP249

2025-09-17 18:42:12,GOLD#,BUY,0.02,3668.57,3666.93,3669.89,1460826824,1430624104,246810,Scalp SL150 TP146
2025-09-17 18:42:47,GOLD#,BUY,0.02,3668.23,3666.73,3670.18,1460826992,1430624271,246810,Scalp SL150 TP195
2025-09-17 18:50:01,GOLD#,SELL,0.02,3668.45,3669.86,3666.2,1460829741,1430626998,246810,Scalp SL150 TP216
2025-09-17 18:51:06,GOLD#,SELL,0.02,3668.62,3670.12,3667.3,1460830208,1430627465,246810,Scalp SL150 TP132
2025-09-17 18:51:07,GOLD#,SELL,0.02,3668.63,3670.13,3667.63,1460830216,1430627473,246810,Scalp SL150 TP100
2025-09-17 18:51:21,GOLD#,SELL,0.02,3668.23,3669.73,3665.23,1460830294,1430627551,246810,Scalp SL150 TP300
2025-09-17 18:51:24,GOLD#,SELL,0.02,3668.11,3669.6,3665.1,1460830315,1430627572,246810,Scalp SL150 TP300
2025-09-17 18:52:26,GOLD#,SELL,0.02,3667.43,3668.94,3664.44,1460830922,1430628207,246810,Scalp SL150 TP300
2025-09-17 18:55:12,GOLD#,BUY,0.02,3666.31,3664.82,3669.32,1460832726,1430629999,246810,Scalp SL150 TP300
2025-09-17 18:55:12,GOLD#,BUY,0.02,3666.08,3664.78,3667.39,1460832734,1430630007,246810,Scalp SL150 TP111
2025-09-17 18:59:06,GOLD#,BUY,0.02,3666.21,3664.67,3669.17,1460834269,1430631556,246810,Scalp SL150 TP300
2025-09-17 18:59:06,GOLD#,BUY,0.02,3666.2,3664.7,3667.21,1460834271,1430631558,246810,Scalp SL150 TP101
2025-09-17 18:59:06,GOLD#,BUY,0.02,3666.18,3664.7,3667.62,1460834272,1430631560,246810,Scalp SL150 TP142
2025-09-17 18:59:36,GOLD#,BUY,0.02,3666.11,3664.65,3667.15,1460834403,1430631683,246810,Scalp SL150 TP100
2025-09-17 19:00:26,GOLD#,BUY,0.02,3667.35,3665.88,3668.61,1460834866,1430632106,246810,Scalp SL150 TP123
2025-09-17 19:00:26,GOLD#,BUY,0.02,3667.33,3665.88,3669.17,1460834868,1430632108,246810,Scalp SL150 TP179
2025-09-17 19:00:26,GOLD#,BUY,0.02,3667.27,3665.78,3670.28,1460834870,1430632110,246810,Scalp SL150 TP300
2025-09-17 19:05:06,GOLD#,SELL,0.02,3668.64,3670.13,3667.63,1460837327,1430634352,246810,Scalp SL150 TP100
2025-09-17 19:05:06,GOLD#,SELL,0.02,3668.65,3670.13,3667.63,1460837335,1430634355,246810,Scalp SL150 TP100
2025-09-17 19:05:06,GOLD#,SELL,0.02,3668.63,3670.14,3667.0,1460837331,1430634353,246810,Scalp SL150 TP164
2025-09-17 19:05:06,GOLD#,SELL,0.02,3668.62,3670.09,3665.59,1460837340,1430634356,246810,Scalp SL150 TP300
2025-09-17 19:13:55,GOLD#,SELL,0.02,3670.02,3671.52,3668.63,1460842036,1430638972,246810,Scalp SL150 TP139
2025-09-17 19:14:45,GOLD#,SELL,0.02,3669.97,3671.47,3668.6,1460842314,1430639254,246810,Scalp SL150 TP137
2025-09-17 19:14:45,GOLD#,SELL,0.02,3669.97,3671.47,3666.97,1460842316,1430639256,246810,Scalp SL150 TP300
2025-09-17 19:14:45,GOLD#,SELL,0.02,3669.91,3671.41,3668.45,1460842334,1430639274,246810,Scalp SL150 TP146
2025-09-17 19:14:55,GOLD#,SELL,0.02,3669.14,3670.73,3666.23,1460842390,1430639335,246810,Scalp SL150 TP300
2025-09-17 19:21:03,GOLD#,SELL,0.02,3670.34,3671.8,3667.3,1460844422,1430641430,246810,Scalp SL150 TP300
2025-09-17 19:34:36,GOLD#,SELL,0.02,3670.76,3672.23,3667.73,1460849967,1430646882,246810,Scalp SL150 TP300
2025-09-17 19:34:36,GOLD#,SELL,0.02,3670.8,3672.28,3669.47,1460849968,1430646883,246810,Scalp SL150 TP131
2025-09-17 19:34:38,GOLD#,SELL,0.02,3670.77,3672.25,3667.75,1460849976,1430646891,246810,Scalp SL150 TP300
2025-09-17 20:02:19,GOLD#,BUY,0.02,3676.58,3675.08,3679.58,1460869407,1430666280,246810,Scalp SL150 TP300
2025-09-17 20:02:19,GOLD#,BUY,0.02,3676.47,3675.08,3679.55,1460869410,1430666283,246810,Scalp SL150 TP297
2025-09-17 20:02:20,GOLD#,BUY,0.02,3676.78,3675.29,3678.59,1460869438,1430666312,246810,Scalp SL150 TP180
2025-09-17 20:02:49,GOLD#,BUY,0.02,3677.06,3675.56,3680.06,1460869739,1430666621,246810,Scalp SL150 TP300
2025-09-17 20:02:49,GOLD#,BUY,0.02,3677.03,3675.51,3679.36,1460869735,1430666617,246810,Scalp SL150 TP235
2025-09-17 20:05:05,GOLD#,BUY,0.02,3675.72,3674.18,3676.83,1460871552,1430668370,246810,Scalp SL150 TP115
2025-09-17 20:05:05,GOLD#,BUY,0.02,3675.69,3674.11,3677.36,1460871567,1430668385,246810,Scalp SL150 TP175
2025-09-17 20:05:10,GOLD#,BUY,0.02,3676.01,3674.52,3679.02,1460871629,1430668447,246810,Scalp SL150 TP300
2025-09-17 20:07:16,GOLD#,BUY,0.02,3676.05,3674.55,3679.05,1460874015,1430670866,246810,Scalp SL150 TP300
2025-09-17 20:07:17,GOLD#,BUY,0.02,3676.13,3674.55,3677.97,1460874018,1430670869,246810,Scalp SL150 TP192
2025-09-17 20:07:17,GOLD#,BUY,0.02,3676.14,3674.65,3677.15,1460874020,1430670870,246810,Scalp SL150 TP100
2025-09-17 20:08:05,GOLD#,BUY,0.02,3676.6,3675.12,3679.62,1460874725,1430671472,246810,Scalp SL150 TP300
2025-09-17 20:08:05,GOLD#,BUY,0.02,3676.59,3675.11,3677.66,1460874729,1430671473,246810,Scalp SL150 TP105
2025-09-17 20:08:05,GOLD#,BUY,0.02,3676.38,3675.02,3677.52,1460874735,1430671474,246810,Scalp SL150 TP100
2025-09-17 20:09:22,GOLD#,SELL,0.02,3676.72,3678.22,3673.72,1460875235,1430671979,246810,Scalp SL150 TP300
2025-09-17 20:09:22,GOLD#,SELL,0.02,3676.65,3678.21,3675.71,1460875236,1430671980,246810,Scalp SL150 TP100
2025-09-17 20:11:04,GOLD#,SELL,0.02,3677.31,3678.92,3676.42,1460875804,1430672478,246810,Scalp SL150 TP100
2025-09-17 20:11:15,GOLD#,SELL,0.02,3677.07,3678.68,3674.18,1460875902,1430672572,246810,Scalp SL150 TP300
2025-09-17 20:16:04,GOLD#,SELL,0.02,3676.75,3678.2,3673.7,1460877956,1430674519,246810,Scalp SL150 TP300
2025-09-17 20:16:04,GOLD#,SELL,0.02,3676.74,3678.24,3675.57,1460877957,1430674520,246810,Scalp SL150 TP117
2025-09-17 20:16:04,GOLD#,SELL,0.02,3676.67,3678.24,3675.74,1460877980,1430674543,246810,Scalp SL150 TP100
2025-09-17 20:16:35,GOLD#,SELL,0.02,3676.75,3678.25,3673.75,1460878225,1430674789,246810,Scalp SL150 TP300
2025-09-17 20:16:35,GOLD#,SELL,0.02,3676.75,3678.25,3675.32,1460878227,1430674791,246810,Scalp SL150 TP143
2025-09-17 20:20:41,GOLD#,BUY,0.02,3676.6,3675.1,3678.31,1460879875,1430676384,246810,Scalp SL150 TP171
2025-09-17 20:20:48,GOLD#,BUY,0.02,3676.68,3675.18,3678.6,1460879945,1430676422,246810,Scalp SL150 TP192
2025-09-17 20:20:49,GOLD#,BUY,0.02,3676.68,3675.18,3679.68,1460879948,1430676425,246810,Scalp SL150 TP300
2025-09-17 20:29:19,GOLD#,BUY,0.02,3676.42,3674.92,3679.42,1460883570,1430679951,246810,Scalp SL150 TP300
2025-09-17 20:29:19,GOLD#,BUY,0.02,3676.42,3674.92,3677.59,1460883563,1430679946,246810,Scalp SL150 TP117
2025-09-17 20:29:19,GOLD#,BUY,0.02,3676.41,3674.91,3677.59,1460883576,1430679957,246810,Scalp SL150 TP118
2025-09-17 20:29:49,GOLD#,BUY,0.02,3676.6,3675.12,3679.62,1460883809,1430680192,246810,Scalp SL150 TP300
2025-09-17 20:29:49,GOLD#,BUY,0.02,3676.6,3675.1,3679.1,1460883815,1430680198,246810,Scalp SL150 TP250
2025-09-17 20:50:07,GOLD#,SELL,0.02,3679.41,3681.0,3676.5,1460900231,1430696478,246810,Scalp SL150 TP300
2025-09-17 20:50:08,GOLD#,SELL,0.02,3679.24,3680.86,3678.1,1460900240,1430696487,246810,Scalp SL150 TP126
2025-09-17 21:02:13,GOLD#,SELL,0.02,3680.29,3681.76,3677.31,1460908805,1430705059,246810,Scalp SL150 TP295
2025-09-17 21:02:13,GOLD#,SELL,0.02,3680.17,3681.7,3677.2,1460908795,1430705049,246810,Scalp SL150 TP300
2025-09-17 21:02:13,GOLD#,SELL,0.02,3680.26,3681.69,3678.89,1460908800,1430705054,246810,Scalp SL150 TP130
2025-09-17 21:02:48,GOLD#,SELL,0.02,3680.35,3681.86,3677.36,1460909211,1430705468,246810,Scalp SL150 TP300
2025-09-17 21:06:12,GOLD#,BUY,0.02,3678.96,3677.51,3682.01,1460910729,1430706960,246810,Scalp SL150 TP300
2025-09-17 21:07:12,GOLD#,SELL,0.02,3680.36,3681.79,3677.29,1460911253,1430707479,246810,Scalp SL150 TP300
2025-09-17 21:07:24,GOLD#,SELL,0.02,3680.22,3681.72,3677.92,1460911325,1430707551,246810,Scalp SL150 TP230
2025-09-17 21:07:24,GOLD#,SELL,0.02,3680.07,3681.66,3678.87,1460911327,1430707553,246810,Scalp SL150 TP129
2025-09-17 21:07:55,GOLD#,SELL,0.02,3680.17,3681.63,3677.13,1460911695,1430707920,246810,Scalp SL150 TP300
2025-09-17 21:07:55,GOLD#,SELL,0.02,3680.36,3681.83,3678.85,1460911702,1430707927,246810,Scalp SL150 TP148
2025-09-17 21:20:03,GOLD#,BUY,0.02,3683.08,3681.58,3685.36,1460920368,1430716605,246810,Scalp SL150 TP228
2025-09-17 21:20:03,GOLD#,BUY,0.02,3683.17,3681.68,3686.18,1460920375,1430716612,246810,Scalp SL150 TP300
2025-09-17 21:20:03,GOLD#,BUY,0.02,3683.11,3681.6,3686.1,1460920374,1430716611,246810,Scalp SL150 TP300
2025-09-17 21:20:32,GOLD#,BUY,0.02,3683.19,3681.69,3685.8,1460920730,1430716956,246810,Scalp SL150 TP261
2025-09-17 21:20:34,GOLD#,BUY,0.02,3683.15,3681.68,3686.18,1460920748,1430716974,246810,Scalp SL150 TP300
2025-09-17 21:35:30,GOLD#,BUY,0.02,3683.54,3682.01,3686.51,1460928518,1430724672,246810,Scalp SL150 TP300
2025-09-17 21:35:30,GOLD#,BUY,0.02,3683.52,3682.02,3684.79,1460928521,1430724675,246810,Scalp SL150 TP127
2025-09-17 21:35:30,GOLD#,BUY,0.02,3683.46,3681.99,3686.49,1460928524,1430724678,246810,Scalp SL150 TP300
2025-09-17 21:51:08,GOLD#,BUY,0.02,3683.46,3681.96,3686.46,1460935942,1430731973,246810,Scalp SL150 TP300
2025-09-17 21:51:08,GOLD#,BUY,0.02,3683.46,3681.96,3686.04,1460935944,1430731975,246810,Scalp SL150 TP258
2025-09-17 21:55:09,GOLD#,BUY,0.02,3682.91,3681.39,3684.52,1460937817,1430733820,246810,Scalp SL150 TP163
2025-09-17 21:57:17,GOLD#,BUY,0.02,3682.95,3681.44,3685.94,1460938649,1430734644,246810,Scalp SL150 TP300
2025-09-17 22:05:00,GOLD#,SELL,0.02,3683.51,3684.86,3682.36,1460941984,1430737966,246810,Scalp SL150 TP100
2025-09-17 22:29:07,GOLD#,BUY,0.02,3684.72,3683.24,3687.72,1460950575,1430746412,246810,Scalp SL150 TP298
2025-09-17 22:29:07,GOLD#,BUY,0.02,3684.76,3683.26,3685.76,1460950580,1430746417,246810,Scalp SL150 TP100
2025-09-17 22:30:05,GOLD#,SELL,0.02,3685.11,3686.61,3682.11,1460950806,1430746622,246810,Scalp SL150 TP300
2025-09-17 22:30:07,GOLD#,SELL,0.02,3685.09,3686.59,3682.92,1460950829,1430746645,246810,Scalp SL150 TP217
2025-09-17 22:30:07,GOLD#,SELL,0.02,3685.07,3686.59,3684.09,1460950833,1430746649,246810,Scalp SL150 TP100
2025-09-17 22:33:55,GOLD#,BUY,0.02,3685.21,3683.71,3686.21,1460952031,1430747824,246810,Scalp SL150 TP100
2025-09-17 22:38:10,GOLD#,SELL,0.02,3686.27,3687.76,3683.26,1460953482,1430749261,246810,Scalp SL150 TP300
2025-09-17 22:38:12,GOLD#,SELL,0.02,3686.15,3687.66,3685.16,1460953487,1430749266,246810,Scalp SL150 TP100
2025-09-17 22:38:12,GOLD#,SELL,0.02,3686.15,3687.65,3685.11,1460953486,1430749265,246810,Scalp SL150 TP104
2025-09-17 22:39:09,GOLD#,SELL,0.02,3685.26,3686.76,3682.53,1460953603,1430749381,246810,Scalp SL150 TP273
2025-09-17 22:39:09,GOLD#,SELL,0.02,3685.22,3686.75,3684.25,1460953604,1430749382,246810,Scalp SL150 TP100
2025-09-17 22:45:09,GOLD#,BUY,0.02,3685.01,3683.54,3688.04,1460955964,1430751737,246810,Scalp SL150 TP300
2025-09-17 22:45:13,GOLD#,BUY,0.02,3685.04,3683.54,3686.78,1460955972,1430751744,246810,Scalp SL150 TP174
2025-09-17 22:49:55,GOLD#,SELL,0.02,3684.5,3685.99,3683.49,1460957075,1430752838,246810,Scalp SL150 TP100
2025-09-17 22:55:13,GOLD#,BUY,0.02,3683.25,3681.72,3685.09,1460958369,1430754125,246810,Scalp SL150 TP187
2025-09-17 22:55:15,GOLD#,BUY,0.02,3683.18,3681.68,3686.18,1460958377,1430754134,246810,Scalp SL150 TP300
2025-09-17 22:55:15,GOLD#,BUY,0.02,3683.18,3681.68,3686.11,1460958376,1430754132,246810,Scalp SL150 TP293
2025-09-17 22:58:55,GOLD#,BUY,0.02,3684.33,3682.85,3685.35,1460959195,1430754953,246810,Scalp SL150 TP100
2025-09-17 23:06:26,GOLD#,SELL,0.02,3686.06,3687.56,3684.09,1460961877,1430757645,246810,Scalp SL150 TP197
2025-09-17 23:06:26,GOLD#,SELL,0.02,3686.13,3687.56,3684.3,1460961963,1430757731,246810,Scalp SL150 TP176
2025-09-17 23:06:27,GOLD#,SELL,0.02,3686.02,3687.5,3683.0,1460961988,1430757756,246810,Scalp SL150 TP300
2025-09-17 23:06:55,GOLD#,SELL,0.02,3685.52,3687.02,3684.13,1460962143,1430757919,246810,Scalp SL150 TP139
2025-09-17 23:06:56,GOLD#,SELL,0.02,3685.45,3686.95,3684.3,1460962153,1430757930,246810,Scalp SL150 TP115
2025-09-17 23:15:39,GOLD#,SELL,0.02,3685.86,3687.26,3684.29,1460964722,1430760481,246810,Scalp SL150 TP147
2025-09-17 23:15:40,GOLD#,SELL,0.02,3685.79,3687.29,3682.79,1460964725,1430760484,246810,Scalp SL150 TP300
2025-09-17 23:38:58,GOLD#,SELL,0.02,3687.47,3688.97,3686.47,1460973134,1430768847,246810,Scalp SL150 TP100
2025-09-17 23:40:51,GOLD#,SELL,0.02,3686.93,3688.43,3685.93,1460973687,1430769396,246810,Scalp SL150 TP100
2025-09-17 23:40:51,GOLD#,SELL,0.02,3686.96,3688.43,3683.93,1460973690,1430769399,246810,Scalp SL150 TP300
2025-09-17 23:40:51,GOLD#,SELL,0.02,3686.99,3688.47,3685.21,1460973693,1430769402,246810,Scalp SL150 TP176
2025-09-17 23:41:20,GOLD#,SELL,0.02,3686.94,3688.44,3685.94,1460973802,1430769513,246810,Scalp SL150 TP100
2025-09-17 23:48:24,GOLD#,SELL,0.02,3686.47,3687.96,3684.16,1460975340,1430770968,246810,Scalp SL150 TP230
2025-09-17 23:49:10,GOLD#,SELL,0.02,3685.71,3687.21,3682.71,1460975552,1430771187,246810,Scalp SL150 TP300
2025-09-17 23:49:10,GOLD#,SELL,0.02,3685.7,3687.2,3684.24,1460975549,1430771184,246810,Scalp SL150 TP146
2025-09-18 00:07:58,GOLD#,BUY,0.02,3684.08,3682.58,3687.08,1460981963,1430777510,246810,Scalp SL150 TP300
2025-09-18 00:07:58,GOLD#,BUY,0.02,3684.11,3682.58,3687.08,1460981965,1430777513,246810,Scalp SL150 TP300
2025-09-18 00:07:58,GOLD#,BUY,0.02,3684.14,3682.64,3686.42,1460981967,1430777515,246810,Scalp SL150 TP228
2025-09-18 00:15:18,GOLD#,BUY,0.02,3683.51,3682.01,3686.51,1460983295,1430778834,246810,Scalp SL150 TP300
2025-09-18 00:15:19,GOLD#,BUY,0.02,3683.55,3682.05,3686.55,1460983296,1430778835,246810,Scalp SL150 TP300
2025-09-18 00:18:18,GOLD#,BUY,0.02,3683.16,3681.66,3684.74,1460984072,1430779562,246810,Scalp SL150 TP158
2025-09-18 00:28:00,GOLD#,BUY,0.02,3682.87,3681.25,3685.75,1460989563,1430784927,246810,Scalp SL150 TP300
2025-09-18 00:28:00,GOLD#,BUY,0.02,3682.65,3681.14,3684.62,1460989544,1430784907,246810,Scalp SL150 TP198
2025-09-18 00:28:16,GOLD#,SELL,0.02,3682.57,3684.01,3680.2,1460989736,1430785099,246810,Scalp SL150 TP231
2025-09-18 00:28:16,GOLD#,SELL,0.02,3682.56,3684.07,3679.57,1460989737,1430785100,246810,Scalp SL150 TP300
2025-09-18 01:00:58,GOLD#,SELL,0.02,3684.15,3685.52,3681.02,1461014829,1430810336,246810,Scalp SL150 TP300
2025-09-18 01:02:03,GOLD#,BUY,0.02,3683.52,3682.58,3686.37,1461024417,1430820357,246810,Scalp SL150 TP229
2025-09-18 01:02:03,GOLD#,SELL,0.02,3681.89,3683.72,3679.96,1461024481,1430820420,246810,Scalp SL150 TP226
2025-09-18 01:02:05,GOLD#,BUY,0.02,3683.1,3681.93,3685.46,1461024527,1430820469,246810,Scalp SL150 TP203
2025-09-18 01:02:05,GOLD#,BUY,0.02,3682.73,3681.6,3686.1,1461024533,1430820474,246810,Scalp SL150 TP300
2025-09-18 01:02:06,GOLD#,SELL,0.02,3683.05,3684.51,3681.29,1461024601,1430820538,246810,Scalp SL150 TP172
2025-09-18 01:02:06,GOLD#,SELL,0.02,3683.1,3684.56,3680.06,1461024616,1430820552,246810,Scalp SL150 TP300
2025-09-18 01:02:29,GOLD#,BUY,0.02,3683.45,3682.05,3684.55,1461025437,1430821388,246810,Scalp SL150 TP100
2025-09-18 01:02:34,GOLD#,BUY,0.02,3683.7,3682.05,3686.55,1461025519,1430821472,246810,Scalp SL150 TP300
2025-09-18 01:02:34,GOLD#,BUY,0.02,3683.83,3682.64,3687.14,1461025527,1430821480,246810,Scalp SL150 TP300
2025-09-18 01:02:34,GOLD#,BUY,0.02,3685.04,3682.76,3686.62,1461025556,1430821509,246810,Scalp SL150 TP236
2025-09-18 01:02:34,GOLD#,SELL,0.02,3685.27,3686.78,3682.68,1461025621,1430821568,246810,Scalp SL150 TP260
2025-09-18 01:02:38,GOLD#,BUY,0.02,3685.69,3684.33,3687.45,1461025807,1430821768,246810,Scalp SL150 TP162
2025-09-18 01:15:34,GOLD#,BUY,0.02,3686.32,3684.89,3689.39,1461058137,1430854244,246810,Scalp SL150 TP300
2025-09-18 01:15:34,GOLD#,BUY,0.02,3686.26,3684.77,3689.27,1461058151,1430854258,246810,Scalp SL150 TP300
2025-09-18 01:15:34,GOLD#,BUY,0.02,3686.25,3684.76,3689.16,1461058159,1430854266,246810,Scalp SL150 TP290
2025-09-18 01:15:51,GOLD#,BUY,0.02,3690.14,3688.69,3693.19,1461059113,1430855216,246810,Scalp SL150 TP300
2025-09-18 01:15:53,GOLD#,BUY,0.02,3690.91,3689.45,3692.11,1461059290,1430855392,246810,Scalp SL150 TP116
2025-09-18 01:15:53,GOLD#,BUY,0.02,3690.96,3689.38,3693.88,1461059261,1430855361,246810,Scalp SL150 TP300
2025-09-18 01:19:02,GOLD#,BUY,0.02,3690.49,3689.0,3693.5,1461064967,1430860991,246810,Scalp SL150 TP300
2025-09-18 01:22:15,GOLD#,BUY,0.02,3685.78,3684.4,3688.9,1461069890,1430865773,246810,Scalp SL150 TP300
2025-09-18 01:22:20,GOLD#,BUY,0.02,3686.24,3684.47,3688.97,1461069963,1430865841,246810,Scalp SL150 TP300
2025-09-18 01:22:20,GOLD#,BUY,0.02,3686.21,3684.73,3688.66,1461069974,1430865849,246810,Scalp SL150 TP243
2025-09-18 01:22:47,GOLD#,BUY,0.02,3686.92,3685.47,3689.97,1461070413,1430866273,246810,Scalp SL150 TP300
2025-09-18 01:22:50,GOLD#,BUY,0.02,3686.75,3685.24,3689.74,1461070513,1430866373,246810,Scalp SL150 TP300
2025-09-18 01:22:53,GOLD#,BUY,0.02,3686.55,3685.01,3689.26,1461070543,1430866398,246810,Scalp SL150 TP275
2025-09-18 01:24:52,GOLD#,BUY,0.02,3686.22,3684.72,3688.41,1461071839,1430867686,246810,Scalp SL150 TP219
2025-09-18 01:24:52,GOLD#,BUY,0.02,3686.18,3684.7,3689.2,1461071845,1430867692,246810,Scalp SL150 TP300
2025-09-18 01:30:08,GOLD#,BUY,0.02,3683.09,3681.77,3686.27,1461075364,1430871092,246810,Scalp SL150 TP300
2025-09-18 01:30:08,GOLD#,BUY,0.02,3683.31,3681.83,3686.33,1461075357,1430871085,246810,Scalp SL150 TP300
2025-09-18 01:30:08,GOLD#,BUY,0.02,3683.09,3681.55,3684.26,1461075374,1430871101,246810,Scalp SL150 TP121
2025-09-18 01:30:18,GOLD#,SELL,0.02,3682.42,3683.91,3681.36,1461075556,1430871282,246810,Scalp SL150 TP105
2025-09-18 01:30:32,GOLD#,SELL,0.02,3682.65,3684.15,3679.65,1461075949,1430871671,246810,Scalp SL150 TP300
2025-09-18 01:30:55,GOLD#,BUY,0.02,3683.53,3681.94,3686.44,1461076497,1430872242,246810,Scalp SL150 TP300
2025-09-18 01:30:55,GOLD#,BUY,0.02,3683.44,3681.83,3686.32,1461076492,1430872237,246810,Scalp SL150 TP299
2025-09-18 01:30:55,GOLD#,BUY,0.02,3683.11,3681.64,3686.14,1461076502,1430872247,246810,Scalp SL150 TP300
2025-09-18 01:31:42,GOLD#,BUY,0.02,3683.07,3681.56,3686.06,1461077023,1430872749,246810,Scalp SL150 TP300
2025-09-18 01:31:42,GOLD#,BUY,0.02,3682.86,3681.39,3685.89,1461077028,1430872754,246810,Scalp SL150 TP300
2025-09-18 01:31:43,GOLD#,BUY,0.02,3683.11,3681.35,3684.7,1461077034,1430872760,246810,Scalp SL150 TP185
2025-09-18 01:32:13,GOLD#,BUY,0.02,3682.47,3681.96,3686.46,1461077447,1430873169,246810,Scalp SL150 TP300
2025-09-18 02:03:26,GOLD#,SELL,0.02,3657.33,3658.83,3654.33,1461126117,1430922156,246810,Scalp SL150 TP300
2025-09-18 02:03:26,GOLD#,SELL,0.02,3657.69,3659.11,3654.61,1461126129,1430922168,246810,Scalp SL150 TP300
2025-09-18 02:03:43,GOLD#,SELL,0.02,3657.48,3659.27,3655.6,1461126606,1430922650,246810,Scalp SL150 TP217
2025-09-18 02:05:20,GOLD#,SELL,0.02,3657.52,3659.04,3654.54,1461128277,1430924329,246810,Scalp SL150 TP300
2025-09-18 02:05:20,GOLD#,SELL,0.02,3657.6,3659.05,3654.96,1461128285,1430924338,246810,Scalp SL150 TP259
2025-09-18 02:05:20,GOLD#,SELL,0.02,3657.49,3659.11,3654.61,1461128281,1430924334,246810,Scalp SL150 TP300
2025-09-18 02:06:01,GOLD#,SELL,0.02,3659.59,3661.14,3656.64,1461128886,1430924930,246810,Scalp SL150 TP300
2025-09-18 02:06:01,GOLD#,SELL,0.02,3659.25,3661.0,3656.5,1461128898,1430924942,246810,Scalp SL150 TP300
2025-09-18 02:07:34,GOLD#,SELL,0.02,3660.03,3661.52,3657.32,1461130645,1430926652,246810,Scalp SL150 TP270
2025-09-18 02:07:34,GOLD#,SELL,0.02,3660.0,3661.52,3657.02,1461130635,1430926642,246810,Scalp SL150 TP300
2025-09-18 02:07:37,GOLD#,SELL,0.02,3659.62,3661.09,3656.59,1461130674,1430926682,246810,Scalp SL150 TP300
2025-09-18 02:08:08,GOLD#,SELL,0.02,3663.0,3664.62,3660.12,1461131518,1430927520,246810,Scalp SL150 TP300
2025-09-18 02:08:08,GOLD#,SELL,0.02,3663.08,3664.58,3660.08,1461131528,1430927530,246810,Scalp SL150 TP300
2025-09-18 02:08:08,GOLD#,SELL,0.02,3663.04,3664.57,3660.97,1461131541,1430927542,246810,Scalp SL150 TP210
2025-09-18 02:08:38,GOLD#,SELL,0.02,3662.07,3663.5,3659.0,1461131975,1430927974,246810,Scalp SL150 TP300
2025-09-18 02:08:39,GOLD#,SELL,0.02,3662.01,3663.58,3659.08,1461131985,1430927981,246810,Scalp SL150 TP300
2025-09-18 02:10:05,GOLD#,SELL,0.02,3660.64,3662.24,3657.74,1461133336,1430929345,246810,Scalp SL150 TP300
2025-09-18 02:10:05,GOLD#,SELL,0.02,3660.89,3662.39,3658.12,1461133330,1430929338,246810,Scalp SL150 TP277
2025-09-18 02:10:05,GOLD#,SELL,0.02,3660.89,3662.41,3658.01,1461133335,1430929344,246810,Scalp SL150 TP290
2025-09-18 02:10:36,GOLD#,SELL,0.02,3660.18,3661.56,3658.05,1461133622,1430929633,246810,Scalp SL150 TP201
2025-09-18 02:10:36,GOLD#,SELL,0.02,3660.17,3661.79,3658.12,1461133615,1430929626,246810,Scalp SL150 TP217
2025-09-18 02:10:36,GOLD#,SELL,0.02,3660.11,3661.58,3657.08,1461133619,1430929630,246810,Scalp SL150 TP300
2025-09-18 02:11:09,GOLD#,SELL,0.02,3657.39,3658.9,3654.4,1461134138,1430930163,246810,Scalp SL150 TP300
2025-09-18 02:11:11,GOLD#,SELL,0.02,3657.17,3658.64,3655.42,1461134160,1430930185,246810,Scalp SL150 TP172
2025-09-18 02:11:11,GOLD#,SELL,0.02,3657.15,3658.75,3656.25,1461134157,1430930182,246810,Scalp SL150 TP100
2025-09-18 02:17:16,GOLD#,BUY,0.02,3655.14,3653.67,3658.17,1461139272,1430935318,246810,Scalp SL150 TP300
2025-09-18 02:17:16,GOLD#,BUY,0.02,3655.35,3653.6,3656.42,1461139278,1430935325,246810,Scalp SL150 TP132
2025-09-18 02:17:16,GOLD#,BUY,0.02,3655.54,3654.06,3658.56,1461139287,1430935334,246810,Scalp SL150 TP300
2025-09-18 02:17:46,GOLD#,BUY,0.02,3655.06,3653.6,3658.1,1461139667,1430935693,246810,Scalp SL150 TP300
2025-09-18 02:17:49,GOLD#,BUY,0.02,3654.98,3653.48,3657.98,1461139680,1430935706,246810,Scalp SL150 TP300
2025-09-18 02:17:49,GOLD#,BUY,0.02,3655.2,3653.46,3656.42,1461139685,1430935711,246810,Scalp SL150 TP146
2025-09-18 02:20:01,GOLD#,BUY,0.02,3655.0,3653.56,3658.06,1461140463,1430936483,246810,Scalp SL150 TP300
2025-09-18 02:20:01,GOLD#,BUY,0.02,3654.85,3653.51,3658.01,1461140464,1430936484,246810,Scalp SL150 TP300
2025-09-18 02:20:56,GOLD#,BUY,0.02,3654.71,3653.24,3657.74,1461140918,1430936940,246810,Scalp SL150 TP300
2025-09-18 02:20:56,GOLD#,BUY,0.02,3654.64,3653.17,3657.67,1461140919,1430936941,246810,Scalp SL150 TP300
2025-09-18 02:20:58,GOLD#,BUY,0.02,3654.69,3653.22,3655.88,1461140923,1430936945,246810,Scalp SL150 TP116
2025-09-18 02:26:02,GOLD#,SELL,0.02,3662.77,3664.0,3659.5,1461144042,1430940044,246810,Scalp SL150 TP300
2025-09-18 02:26:52,GOLD#,SELL,0.02,3662.85,3664.34,3659.84,1461144466,1430940471,246810,Scalp SL150 TP300
2025-09-18 02:26:52,GOLD#,SELL,0.02,3662.92,3664.35,3661.54,1461144467,1430940472,246810,Scalp SL150 TP131
2025-09-18 02:26:52,GOLD#,SELL,0.02,3662.92,3664.42,3659.92,1461144470,1430940474,246810,Scalp SL150 TP300
2025-09-18 02:27:25,GOLD#,SELL,0.02,3663.47,3664.95,3660.45,1461144603,1430940609,246810,Scalp SL150 TP300
2025-09-18 02:27:26,GOLD#,SELL,0.02,3663.32,3664.82,3660.32,1461144604,1430940610,246810,Scalp SL150 TP300
2025-09-18 02:27:26,GOLD#,SELL,0.02,3663.15,3664.82,3660.72,1461144605,1430940611,246810,Scalp SL150 TP260
2025-09-18 02:35:31,GOLD#,SELL,0.02,3662.99,3664.44,3660.32,1461149292,1430945214,246810,Scalp SL150 TP262
2025-09-18 02:35:31,GOLD#,SELL,0.02,3662.72,3664.3,3659.8,1461149285,1430945207,246810,Scalp SL150 TP300
2025-09-18 02:35:31,GOLD#,SELL,0.02,3662.79,3664.35,3659.85,1461149280,1430945202,246810,Scalp SL150 TP300
2025-09-18 02:36:15,GOLD#,SELL,0.02,3664.28,3665.66,3662.34,1461149699,1430945617,246810,Scalp SL150 TP182
2025-09-18 02:36:15,GOLD#,SELL,0.02,3664.26,3665.77,3661.27,1461149700,1430945619,246810,Scalp SL150 TP300
2025-09-18 02:36:15,GOLD#,SELL,0.02,3664.28,3665.76,3661.26,1461149702,1430945621,246810,Scalp SL150 TP300
2025-09-18 02:36:46,GOLD#,SELL,0.02,3663.99,3665.49,3660.99,1461149790,1430945706,246810,Scalp SL150 TP300
2025-09-18 02:43:24,GOLD#,SELL,0.02,3662.87,3664.37,3659.87,1461152312,1430948222,246810,Scalp SL150 TP300
2025-09-18 02:43:24,GOLD#,SELL,0.02,3662.82,3664.32,3659.82,1461152314,1430948224,246810,Scalp SL150 TP300
2025-09-18 02:43:24,GOLD#,SELL,0.02,3662.47,3664.18,3661.4,1461152316,1430948226,246810,Scalp SL150 TP128
2025-09-18 02:51:10,GOLD#,BUY,0.02,3657.53,3656.04,3660.54,1461155207,1430951085,246810,Scalp SL150 TP300
2025-09-18 02:51:10,GOLD#,BUY,0.02,3657.73,3656.03,3658.71,1461155208,1430951087,246810,Scalp SL150 TP118
2025-09-18 02:51:45,GOLD#,BUY,0.02,3657.37,3655.91,3659.64,1461155455,1430951337,246810,Scalp SL150 TP223
2025-09-18 02:52:29,GOLD#,BUY,0.02,3656.95,3655.48,3658.74,1461155580,1430951464,246810,Scalp SL150 TP176
2025-09-18 02:53:00,GOLD#,BUY,0.02,3657.06,3655.43,3659.76,1461155879,1430951717,246810,Scalp SL150 TP283
2025-09-18 02:53:00,GOLD#,BUY,0.02,3656.95,3655.46,3659.96,1461155875,1430951713,246810,Scalp SL150 TP300
2025-09-18 02:53:00,GOLD#,BUY,0.02,3657.01,3655.55,3659.63,1461155887,1430951725,246810,Scalp SL150 TP258
2025-09-18 03:01:07,GOLD#,BUY,0.02,3660.49,3659.02,3663.12,1461157654,1430953469,246810,Scalp SL150 TP260
2025-09-18 03:01:10,GOLD#,BUY,0.02,3660.59,3659.08,3663.58,1461157682,1430953497,246810,Scalp SL150 TP300
2025-09-18 03:04:18,GOLD#,BUY,0.02,3660.79,3659.33,3662.09,1461158810,1430954646,246810,Scalp SL150 TP126
2025-09-18 03:04:18,GOLD#,BUY,0.02,3660.83,3659.41,3662.99,1461158809,1430954645,246810,Scalp SL150 TP208
2025-09-18 03:04:18,GOLD#,BUY,0.02,3660.91,3659.37,3663.87,1461158808,1430954644,246810,Scalp SL150 TP300
2025-09-18 03:05:34,GOLD#,SELL,0.02,3659.9,3661.43,3656.93,1461158996,1430954818,246810,Scalp SL150 TP300
2025-09-18 03:05:35,GOLD#,SELL,0.02,3659.93,3661.43,3657.25,1461158998,1430954820,246810,Scalp SL150 TP268
2025-09-18 03:12:20,GOLD#,BUY,0.02,3660.43,3658.93,3663.43,1461160185,1430955987,246810,Scalp SL150 TP300
2025-09-18 03:12:20,GOLD#,BUY,0.02,3660.43,3658.93,3661.43,1461160184,1430955986,246810,Scalp SL150 TP100
2025-09-18 03:12:20,GOLD#,BUY,0.02,3660.43,3658.93,3661.79,1461160182,1430955984,246810,Scalp SL150 TP136
2025-09-18 03:20:06,GOLD#,BUY,0.02,3659.83,3658.35,3662.05,1461162200,1430957951,246810,Scalp SL150 TP220
2025-09-18 03:20:06,GOLD#,BUY,0.02,3659.85,3658.44,3660.94,1461162199,1430957950,246810,Scalp SL150 TP100
2025-09-18 03:20:09,GOLD#,BUY,0.02,3659.85,3658.35,3662.85,1461162208,1430957959,246810,Scalp SL150 TP300
2025-09-18 03:26:19,GOLD#,SELL,0.02,3658.87,3660.37,3655.87,1461164180,1430959935,246810,Scalp SL150 TP300
2025-09-18 03:26:19,GOLD#,SELL,0.02,3658.87,3660.39,3657.89,1461164177,1430959932,246810,Scalp SL150 TP100
2025-09-18 03:26:19,GOLD#,SELL,0.02,3658.87,3660.37,3657.2,1461164183,1430959938,246810,Scalp SL150 TP167
2025-09-18 03:28:44,GOLD#,BUY,0.02,3659.65,3658.18,3660.68,1461164658,1430960422,246810,Scalp SL150 TP100
2025-09-18 03:30:20,GOLD#,BUY,0.02,3659.0,3657.53,3660.03,1461165233,1430960976,246810,Scalp SL150 TP100
2025-09-18 03:32:46,GOLD#,SELL,0.02,3659.86,3661.35,3657.96,1461165566,1430961319,246810,Scalp SL150 TP189
2025-09-18 03:32:46,GOLD#,SELL,0.02,3659.81,3661.3,3656.8,1461165569,1430961322,246810,Scalp SL150 TP300
2025-09-18 03:32:46,GOLD#,SELL,0.02,3659.8,3661.36,3658.86,1461165567,1430961320,246810,Scalp SL150 TP100
2025-09-18 03:46:35,GOLD#,SELL,0.02,3659.01,3660.55,3658.05,1461167595,1430963338,246810,Scalp SL150 TP100
2025-09-18 03:46:35,GOLD#,SELL,0.02,3658.95,3660.51,3656.79,1461167597,1430963340,246810,Scalp SL150 TP222
2025-09-18 03:46:35,GOLD#,SELL,0.02,3658.91,3660.42,3655.92,1461167598,1430963341,246810,Scalp SL150 TP300
2025-09-18 03:47:49,GOLD#,BUY,0.02,3658.73,3657.23,3660.5,1461167659,1430963402,246810,Scalp SL150 TP177
2025-09-18 05:31:18,GOLD#,BUY,0.02,3663.89,3662.37,3666.87,1461175714,1430974312,246810,Scalp SL150 TP300
2025-09-18 05:31:18,GOLD#,BUY,0.02,3663.91,3662.39,3665.31,1461175715,1430974313,246810,Scalp SL150 TP142
2025-09-18 05:31:18,GOLD#,BUY,0.02,3663.91,3662.41,3666.91,1461175716,1430974314,246810,Scalp SL150 TP300
2025-09-18 05:33:13,GOLD#,BUY,0.02,3663.27,3661.78,3666.28,1461175864,1430974461,246810,Scalp SL150 TP300
2025-09-18 05:33:15,GOLD#,BUY,0.02,3663.32,3661.79,3666.29,1461175874,1430974471,246810,Scalp SL150 TP300
2025-09-18 05:43:01,GOLD#,BUY,0.02,3663.36,3661.86,3666.36,1461176938,1430975508,246810,Scalp SL150 TP300
2025-09-18 05:43:02,GOLD#,BUY,0.02,3663.4,3661.86,3666.25,1461176939,1430975509,246810,Scalp SL150 TP289
2025-09-18 05:43:02,GOLD#,BUY,0.02,3663.4,3661.9,3664.63,1461176940,1430975510,246810,Scalp SL150 TP123
2025-09-18 05:43:50,GOLD#,BUY,0.02,3663.25,3661.75,3664.32,1461177036,1430975611,246810,Scalp SL150 TP107
2025-09-18 06:07:10,GOLD#,BUY,0.02,3664.71,3663.14,3667.64,1461181719,1430980149,246810,Scalp SL150 TP300
2025-09-18 06:07:11,GOLD#,BUY,0.02,3664.74,3663.21,3666.26,1461181720,1430980150,246810,Scalp SL150 TP155
2025-09-18 06:26:43,GOLD#,BUY,0.02,3670.27,3668.77,3673.27,1461186730,1430985072,246810,Scalp SL150 TP300
2025-09-18 06:26:43,GOLD#,BUY,0.02,3670.36,3668.77,3671.28,1461186731,1430985073,246810,Scalp SL150 TP101
2025-09-18 06:42:27,GOLD#,SELL,0.02,3669.58,3671.08,3667.28,1461190487,1430988857,246810,Scalp SL150 TP230
2025-09-18 06:42:28,GOLD#,SELL,0.02,3669.58,3671.08,3666.58,1461190488,1430988858,246810,Scalp SL150 TP300
2025-09-18 06:42:28,GOLD#,SELL,0.02,3669.59,3671.08,3668.58,1461190489,1430988859,246810,Scalp SL150 TP100
2025-09-18 06:45:40,GOLD#,SELL,0.02,3669.44,3670.94,3666.44,1461190978,1430989344,246810,Scalp SL150 TP300
2025-09-18 06:45:40,GOLD#,SELL,0.02,3669.44,3670.94,3666.69,1461190980,1430989345,246810,Scalp SL150 TP275
2025-09-18 07:10:56,GOLD#,BUY,0.02,3663.05,3661.61,3666.11,1461194676,1430992932,246810,Scalp SL150 TP300
2025-09-18 07:11:32,GOLD#,BUY,0.02,3663.09,3661.63,3665.93,1461194793,1430993053,246810,Scalp SL150 TP280
2025-09-18 07:11:33,GOLD#,BUY,0.02,3663.15,3661.65,3666.15,1461194798,1430993059,246810,Scalp SL150 TP300
2025-09-18 07:11:36,GOLD#,BUY,0.02,3663.14,3661.64,3664.64,1461194800,1430993061,246810,Scalp SL150 TP150
2025-09-18 07:19:49,GOLD#,BUY,0.02,3663.64,3662.15,3665.49,1461196180,1430994411,246810,Scalp SL150 TP184
2025-09-18 07:19:49,GOLD#,BUY,0.02,3663.64,3662.14,3666.64,1461196181,1430994413,246810,Scalp SL150 TP300
2025-09-18 07:22:11,GOLD#,BUY,0.02,3663.2,3661.7,3665.14,1461196557,1430994786,246810,Scalp SL150 TP194
2025-09-18 07:22:11,GOLD#,BUY,0.02,3663.21,3661.71,3666.21,1461196558,1430994787,246810,Scalp SL150 TP300
2025-09-18 07:25:47,GOLD#,BUY,0.02,3662.91,3661.44,3664.9,1461196956,1430995173,246810,Scalp SL150 TP196
2025-09-18 07:25:49,GOLD#,BUY,0.02,3662.99,3661.44,3665.57,1461196962,1430995178,246810,Scalp SL150 TP263
2025-09-18 07:25:49,GOLD#,BUY,0.02,3662.96,3661.46,3665.96,1461196966,1430995182,246810,Scalp SL150 TP300
2025-09-18 07:26:26,GOLD#,BUY,0.02,3662.99,3661.36,3665.86,1461197066,1430995286,246810,Scalp SL150 TP300
2025-09-18 07:35:50,GOLD#,SELL,0.02,3661.68,3662.93,3659.87,1461198139,1430996304,246810,Scalp SL150 TP156
2025-09-18 07:35:50,GOLD#,SELL,0.02,3661.42,3662.92,3658.42,1461198137,1430996302,246810,Scalp SL150 TP300
2025-09-18 07:36:01,GOLD#,BUY,0.02,3662.64,3661.05,3664.67,1461198166,1430996328,246810,Scalp SL150 TP212
2025-09-18 07:36:02,GOLD#,BUY,0.02,3662.71,3661.25,3665.08,1461198168,1430996330,246810,Scalp SL150 TP233
2025-09-18 07:36:08,GOLD#,BUY,0.02,3663.0,3661.56,3666.06,1461198178,1430996341,246810,Scalp SL150 TP300
2025-09-18 07:36:32,GOLD#,BUY,0.02,3662.58,3661.08,3664.62,1461198269,1430996433,246810,Scalp SL150 TP204
2025-09-18 07:37:08,GOLD#,SELL,0.02,3661.28,3662.79,3658.29,1461198349,1430996509,246810,Scalp SL150 TP300
2025-09-18 07:47:10,GOLD#,SELL,0.02,3661.98,3663.48,3659.07,1461200066,1430998217,246810,Scalp SL150 TP291
2025-09-18 07:48:02,GOLD#,SELL,0.02,3662.45,3663.93,3659.43,1461200185,1430998332,246810,Scalp SL150 TP300
2025-09-18 07:48:07,GOLD#,SELL,0.02,3662.27,3663.76,3659.76,1461200204,1430998350,246810,Scalp SL150 TP250
2025-09-18 08:03:52,GOLD#,SELL,0.02,3663.43,3665.1,3662.6,1461202807,1431000905,246810,Scalp SL150 TP100
2025-09-18 08:03:52,GOLD#,SELL,0.02,3663.43,3664.94,3660.44,1461202814,1431000912,246810,Scalp SL150 TP300
2025-09-18 08:03:52,GOLD#,SELL,0.02,3663.55,3665.0,3661.37,1461202817,1431000915,246810,Scalp SL150 TP213
2025-09-18 08:12:03,GOLD#,SELL,0.02,3657.88,3659.38,3655.05,1461206780,1431004903,246810,Scalp SL150 TP283
2025-09-18 08:12:03,GOLD#,SELL,0.02,3657.86,3659.46,3654.96,1461206777,1431004900,246810,Scalp SL150 TP300
2025-09-18 08:12:03,GOLD#,SELL,0.02,3657.85,3659.36,3654.86,1461206779,1431004902,246810,Scalp SL150 TP300
2025-09-18 08:13:04,GOLD#,SELL,0.02,3660.03,3661.55,3658.03,1461207107,1431005228,246810,Scalp SL150 TP202
2025-09-18 08:13:05,GOLD#,SELL,0.02,3660.09,3661.55,3657.05,1461207110,1431005231,246810,Scalp SL150 TP300
2025-09-18 08:13:05,GOLD#,SELL,0.02,3660.08,3661.59,3657.09,1461207112,1431005233,246810,Scalp SL150 TP300
2025-09-18 08:14:16,GOLD#,SELL,0.02,3659.84,3661.43,3658.6,1461207597,1431005695,246810,Scalp SL150 TP133
2025-09-18 08:14:16,GOLD#,SELL,0.02,3659.84,3661.34,3656.84,1461207599,1431005696,246810,Scalp SL150 TP300
2025-09-18 08:29:09,GOLD#,SELL,0.02,3656.14,3657.6,3653.1,1461212731,1431010930,246810,Scalp SL150 TP300
2025-09-18 08:29:10,GOLD#,SELL,0.02,3656.0,3657.58,3655.08,1461212732,1431010931,246810,Scalp SL150 TP100
2025-09-18 08:34:23,GOLD#,SELL,0.02,3655.59,3657.09,3653.3,1461214028,1431012195,246810,Scalp SL150 TP229
2025-09-18 08:34:23,GOLD#,SELL,0.02,3655.48,3657.09,3654.59,1461214030,1431012197,246810,Scalp SL150 TP100
2025-09-18 08:34:23,GOLD#,SELL,0.02,3655.4,3656.9,3652.4,1461214031,1431012198,246810,Scalp SL150 TP300
2025-09-18 08:34:55,GOLD#,SELL,0.02,3655.43,3657.0,3654.5,1461214115,1431012266,246810,Scalp SL150 TP100
2025-09-18 08:34:55,GOLD#,SELL,0.02,3655.38,3656.95,3652.45,1461214116,1431012267,246810,Scalp SL150 TP300
2025-09-18 08:39:07,GOLD#,SELL,0.02,3654.7,3656.2,3652.97,1461215083,1431013245,246810,Scalp SL150 TP173
2025-09-18 08:39:07,GOLD#,SELL,0.02,3654.66,3656.17,3651.67,1461215086,1431013248,246810,Scalp SL150 TP300
2025-09-18 08:39:07,GOLD#,SELL,0.02,3654.81,3656.17,3653.46,1461215089,1431013251,246810,Scalp SL150 TP121
2025-09-18 08:43:02,GOLD#,BUY,0.02,3654.46,3652.97,3656.15,1461216096,1431014246,246810,Scalp SL150 TP168
2025-09-18 08:43:03,GOLD#,BUY,0.02,3654.49,3653.02,3657.52,1461216100,1431014250,246810,Scalp SL150 TP300
2025-09-18 08:43:03,GOLD#,BUY,0.02,3654.51,3652.99,3655.49,1461216128,1431014278,246810,Scalp SL150 TP100
2025-09-18 08:43:32,GOLD#,BUY,0.02,3654.2,3652.63,3655.9,1461216306,1431014468,246810,Scalp SL150 TP177
2025-09-18 08:43:34,GOLD#,BUY,0.02,3654.29,3652.79,3655.29,1461216308,1431014470,246810,Scalp SL150 TP100
2025-09-18 08:43:34,GOLD#,BUY,0.02,3654.29,3652.79,3657.29,1461216309,1431014471,246810,Scalp SL150 TP300
2025-09-18 08:45:05,GOLD#,SELL,0.02,3654.55,3656.12,3653.62,1461216624,1431014745,246810,Scalp SL150 TP100
2025-09-18 08:46:51,GOLD#,BUY,0.02,3654.15,3652.43,3654.93,1461217182,1431015288,246810,Scalp SL150 TP100
2025-09-18 08:46:51,GOLD#,BUY,0.02,3653.88,3652.27,3655.25,1461217174,1431015280,246810,Scalp SL150 TP148
2025-09-18 08:46:51,GOLD#,BUY,0.02,3653.91,3652.45,3656.95,1461217176,1431015282,246810,Scalp SL150 TP300
2025-09-18 08:47:16,GOLD#,SELL,0.02,3654.99,3656.49,3651.99,1461217327,1431015433,246810,Scalp SL150 TP300
2025-09-18 08:47:16,GOLD#,SELL,0.02,3654.99,3656.47,3653.41,1461217323,1431015429,246810,Scalp SL150 TP156
2025-09-18 08:47:16,GOLD#,SELL,0.02,3654.74,3656.49,3653.99,1461217332,1431015438,246810,Scalp SL150 TP100
2025-09-18 08:49:09,GOLD#,SELL,0.02,3654.98,3656.34,3653.76,1461217742,1431015850,246810,Scalp SL150 TP108
2025-09-18 08:49:29,GOLD#,SELL,0.02,3655.07,3656.49,3651.99,1461217781,1431015891,246810,Scalp SL150 TP300
2025-09-18 08:49:29,GOLD#,SELL,0.02,3655.06,3656.57,3654.07,1461217782,1431015892,246810,Scalp SL150 TP100
2025-09-18 08:49:39,GOLD#,SELL,0.02,3654.97,3656.51,3652.53,1461217804,1431015915,246810,Scalp SL150 TP248
2025-09-18 08:50:35,GOLD#,SELL,0.02,3656.05,3657.44,3654.35,1461218015,1431016104,246810,Scalp SL150 TP159
2025-09-18 08:50:37,GOLD#,SELL,0.02,3655.93,3657.43,3653.17,1461218021,1431016110,246810,Scalp SL150 TP276
2025-09-18 08:50:37,GOLD#,SELL,0.02,3655.93,3657.43,3652.93,1461218023,1431016112,246810,Scalp SL150 TP300
2025-09-18 08:54:02,GOLD#,SELL,0.02,3654.87,3656.35,3652.33,1461218900,1431016988,246810,Scalp SL150 TP252
2025-09-18 08:54:23,GOLD#,SELL,0.02,3654.93,3656.43,3653.93,1461219009,1431017097,246810,Scalp SL150 TP100
2025-09-18 08:54:32,GOLD#,SELL,0.02,3654.67,3656.3,3652.62,1461219059,1431017146,246810,Scalp SL150 TP218
2025-09-18 08:57:26,GOLD#,SELL,0.02,3654.95,3656.45,3652.7,1461219599,1431017701,246810,Scalp SL150 TP225
2025-09-18 09:15:05,GOLD#,SELL,0.02,3662.55,3664.05,3661.19,1461224153,1431022189,246810,Scalp SL150 TP136
2025-09-18 09:15:05,GOLD#,SELL,0.02,3662.55,3664.05,3659.55,1461224154,1431022190,246810,Scalp SL150 TP300
2025-09-18 09:15:05,GOLD#,SELL,0.02,3662.58,3664.07,3660.31,1461224155,1431022191,246810,Scalp SL150 TP226
2025-09-18 09:15:23,GOLD#,BUY,0.02,3662.69,3661.21,3665.71,1461224304,1431022339,246810,Scalp SL150 TP300
2025-09-18 09:16:56,GOLD#,BUY,0.02,3661.9,3660.49,3664.99,1461224980,1431022983,246810,Scalp SL150 TP300
2025-09-18 09:16:56,GOLD#,BUY,0.02,3661.91,3660.43,3664.93,1461224981,1431022984,246810,Scalp SL150 TP300
2025-09-18 09:17:24,GOLD#,BUY,0.02,3662.57,3661.04,3664.24,1461225155,1431023159,246810,Scalp SL150 TP170
2025-09-18 09:17:24,GOLD#,BUY,0.02,3662.56,3661.06,3665.56,1461225157,1431023161,246810,Scalp SL150 TP300
2025-09-18 09:17:24,GOLD#,BUY,0.02,3662.56,3661.06,3663.56,1461225162,1431023166,246810,Scalp SL150 TP100
2025-09-18 09:30:10,GOLD#,SELL,0.02,3662.09,3663.72,3660.14,1461227234,1431025111,246810,Scalp SL150 TP208
2025-09-18 09:30:10,GOLD#,SELL,0.02,3662.11,3663.6,3659.1,1461227242,1431025119,246810,Scalp SL150 TP300
2025-09-18 09:33:37,GOLD#,SELL,0.02,3661.09,3662.59,3659.89,1461227814,1431025658,246810,Scalp SL150 TP120
2025-09-18 09:33:37,GOLD#,SELL,0.02,3661.14,3662.63,3658.31,1461227818,1431025662,246810,Scalp SL150 TP282
2025-09-18 09:33:37,GOLD#,SELL,0.02,3661.1,3662.6,3658.1,1461227816,1431025660,246810,Scalp SL150 TP300
2025-09-18 09:33:37,GOLD#,SELL,0.02,3661.13,3662.63,3658.13,1461227817,1431025661,246810,Scalp SL150 TP300
2025-09-18 09:35:06,GOLD#,SELL,0.02,3660.09,3661.59,3657.09,1461228341,1431026195,246810,Scalp SL150 TP300
2025-09-18 09:35:08,GOLD#,SELL,0.02,3660.2,3661.68,3657.18,1461228344,1431026198,246810,Scalp SL150 TP300
2025-09-18 09:35:08,GOLD#,SELL,0.02,3660.27,3661.78,3658.18,1461228352,1431026205,246810,Scalp SL150 TP210
2025-09-18 09:36:18,GOLD#,SELL,0.02,3660.41,3661.89,3659.03,1461228619,1431026458,246810,Scalp SL150 TP136
2025-09-18 09:36:18,GOLD#,SELL,0.02,3660.41,3661.9,3657.4,1461228620,1431026459,246810,Scalp SL150 TP300
2025-09-18 09:36:18,GOLD#,SELL,0.02,3660.39,3661.94,3657.44,1461228621,1431026460,246810,Scalp SL150 TP300
2025-09-18 09:36:47,GOLD#,SELL,0.02,3660.56,3662.15,3658.15,1461228680,1431026500,246810,Scalp SL150 TP250
2025-09-18 09:37:39,GOLD#,BUY,0.02,3662.13,3660.64,3665.14,1461228765,1431026593,246810,Scalp SL150 TP300
2025-09-18 09:37:39,GOLD#,BUY,0.02,3662.14,3660.63,3663.51,1461228766,1431026594,246810,Scalp SL150 TP138
2025-09-18 09:37:39,GOLD#,BUY,0.02,3662.16,3660.62,3663.6,1461228772,1431026600,246810,Scalp SL150 TP148
2025-09-18 09:38:09,GOLD#,BUY,0.02,3662.31,3660.83,3665.33,1461228867,1431026689,246810,Scalp SL150 TP300
2025-09-18 09:38:09,GOLD#,BUY,0.02,3662.26,3660.76,3663.51,1461228866,1431026688,246810,Scalp SL150 TP125
2025-09-18 09:39:37,GOLD#,BUY,0.02,3663.78,3662.27,3665.31,1461229274,1431027100,246810,Scalp SL150 TP154
2025-09-18 09:39:38,GOLD#,BUY,0.02,3664.1,3662.3,3665.18,1461229314,1431027144,246810,Scalp SL150 TP138
2025-09-18 09:39:38,GOLD#,BUY,0.02,3664.07,3662.59,3667.09,1461229320,1431027150,246810,Scalp SL150 TP300
2025-09-18 09:42:16,GOLD#,SELL,0.02,3662.45,3663.93,3661.09,1461230148,1431027961,246810,Scalp SL150 TP134
2025-09-18 09:42:16,GOLD#,SELL,0.02,3662.1,3663.95,3659.45,1461230152,1431027965,246810,Scalp SL150 TP300
2025-09-18 09:44:42,GOLD#,SELL,0.02,3662.28,3663.79,3659.71,1461230722,1431028541,246810,Scalp SL150 TP258
2025-09-18 09:44:42,GOLD#,SELL,0.02,3662.25,3663.78,3659.28,1461230723,1431028542,246810,Scalp SL150 TP300
2025-09-18 09:45:10,GOLD#,BUY,0.02,3662.46,3661.0,3664.65,1461230796,1431028614,246810,Scalp SL150 TP215
2025-09-18 09:53:16,GOLD#,SELL,0.02,3663.38,3664.88,3660.38,1461232063,1431029838,246810,Scalp SL150 TP300
2025-09-18 09:53:16,GOLD#,SELL,0.02,3663.38,3664.88,3662.38,1461232064,1431029839,246810,Scalp SL150 TP100
2025-09-18 09:53:45,GOLD#,BUY,0.02,3663.98,3662.48,3666.98,1461232151,1431029923,246810,Scalp SL150 TP300
2025-09-18 10:01:11,GOLD#,SELL,0.02,3664.94,3666.44,3663.9,1461233763,1431031511,246810,Scalp SL150 TP104
2025-09-18 10:01:11,GOLD#,SELL,0.02,3664.96,3666.47,3661.97,1461233764,1431031512,246810,Scalp SL150 TP300
2025-09-18 10:01:11,GOLD#,SELL,0.02,3664.97,3666.46,3663.72,1461233765,1431031513,246810,Scalp SL150 TP124
2025-09-18 10:01:41,GOLD#,SELL,0.02,3664.33,3665.84,3663.34,1461233912,1431031662,246810,Scalp SL150 TP100
2025-09-18 10:01:41,GOLD#,SELL,0.02,3664.3,3665.8,3661.3,1461233913,1431031663,246810,Scalp SL150 TP300
2025-09-18 10:03:30,GOLD#,BUY,0.02,3663.62,3662.12,3666.25,1461234774,1431032515,246810,Scalp SL150 TP263
2025-09-18 10:03:31,GOLD#,BUY,0.02,3663.56,3662.12,3664.73,1461234777,1431032519,246810,Scalp SL150 TP111
2025-09-18 10:03:31,GOLD#,BUY,0.02,3663.56,3662.06,3666.56,1461234783,1431032525,246810,Scalp SL150 TP300
2025-09-18 10:05:10,GOLD#,BUY,0.02,3663.21,3661.68,3666.18,1461235157,1431032895,246810,Scalp SL150 TP300
2025-09-18 10:06:38,GOLD#,BUY,0.02,3662.92,3661.42,3665.92,1461235451,1431033190,246810,Scalp SL150 TP300
2025-09-18 10:06:39,GOLD#,BUY,0.02,3662.94,3661.43,3665.05,1461235454,1431033193,246810,Scalp SL150 TP212
2025-09-18 10:06:39,GOLD#,BUY,0.02,3662.94,3661.44,3665.94,1461235455,1431033194,246810,Scalp SL150 TP300
2025-09-18 10:07:11,GOLD#,SELL,0.02,3661.44,3662.97,3658.94,1461235632,1431033375,246810,Scalp SL150 TP253
2025-09-18 10:07:12,GOLD#,SELL,0.02,3661.42,3662.92,3658.42,1461235643,1431033388,246810,Scalp SL150 TP300
2025-09-18 10:07:12,GOLD#,SELL,0.02,3661.43,3662.92,3658.52,1461235647,1431033392,246810,Scalp SL150 TP290
2025-09-18 10:07:42,GOLD#,SELL,0.02,3661.33,3662.83,3658.64,1461236026,1431033840,246810,Scalp SL150 TP269
2025-09-18 10:07:42,GOLD#,SELL,0.02,3661.37,3662.85,3660.29,1461236029,1431033843,246810,Scalp SL150 TP106
2025-09-18 10:09:53,GOLD#,BUY,0.02,3662.9,3661.4,3665.35,1461236477,1431034285,246810,Scalp SL150 TP245
2025-09-18 10:09:53,GOLD#,BUY,0.02,3662.9,3661.4,3665.9,1461236475,1431034283,246810,Scalp SL150 TP300
2025-09-18 10:09:53,GOLD#,BUY,0.02,3662.9,3661.4,3665.9,1461236479,1431034286,246810,Scalp SL150 TP300
2025-09-18 10:10:08,GOLD#,SELL,0.02,3662.49,3663.99,3661.21,1461236530,1431034329,246810,Scalp SL150 TP128
2025-10-15 20:45:19,GOLD#,SELL,0.02,4194.81,4196.32,4191.82,1475940207,1445587309,246810,Scalp SL150 TP300
2025-10-15 20:45:19,GOLD#,SELL,0.02,4194.81,4196.32,4193.38,1475940222,1445587324,246810,Scalp SL150 TP144
2025-10-15 20:45:19,GOLD#,SELL,0.02,4194.82,4196.32,4193.82,1475940215,1445587317,246810,Scalp SL150 TP100
2025-10-15 20:51:12,GOLD#,SELL,0.02,4194.2,4195.5,4192.72,1475948138,1445595332,246810,Scalp SL150 TP128
2025-10-15 20:51:21,GOLD#,SELL,0.02,4194.51,4195.91,4193.41,1475948335,1445595533,246810,Scalp SL150 TP100
2025-10-15 20:51:27,GOLD#,SELL,0.02,4194.41,4195.82,4191.32,1475948411,1445595608,246810,Scalp SL150 TP300
2025-10-15 20:51:43,GOLD#,SELL,0.02,4193.77,4195.29,4190.96,1475948578,1445595772,246810,Scalp SL150 TP283
2025-10-15 20:51:53,GOLD#,SELL,0.02,4193.99,4195.53,4193.03,1475948658,1445595854,246810,Scalp SL150 TP100
2025-10-15 20:52:16,GOLD#,SELL,0.02,4194.68,4196.19,4192.39,1475948989,1445596186,246810,Scalp SL150 TP230
2025-10-15 20:52:16,GOLD#,SELL,0.02,4194.52,4196.07,4191.57,1475948999,1445596196,246810,Scalp SL150 TP300
2025-10-15 20:52:25,GOLD#,SELL,0.02,4194.72,4196.18,4193.68,1475949148,1445596344,246810,Scalp SL150 TP100
2025-10-15 20:53:04,GOLD#,SELL,0.02,4196.34,4197.66,4194.24,1475950094,1445597323,246810,Scalp SL150 TP192
2025-10-15 20:53:04,GOLD#,SELL,0.02,4196.15,4197.64,4193.14,1475950091,1445597320,246810,Scalp SL150 TP300
2025-10-15 20:55:48,GOLD#,BUY,0.02,4193.82,4192.44,4195.11,1475953115,1445600351,246810,Scalp SL150 TP117
2025-10-15 20:55:53,GOLD#,BUY,0.02,4194.12,4192.52,4195.02,1475953249,1445600485,246810,Scalp SL150 TP100
2025-10-15 20:55:53,GOLD#,BUY,0.02,4194.12,4192.64,4197.14,1475953263,1445600499,246810,Scalp SL150 TP300
2025-10-15 20:56:05,GOLD#,SELL,0.02,4195.13,4196.68,4192.18,1475953525,1445600761,246810,Scalp SL150 TP300
2025-10-15 20:56:05,GOLD#,SELL,0.02,4194.75,4196.56,4194.06,1475953559,1445600794,246810,Scalp SL150 TP100
2025-10-15 20:56:05,GOLD#,SELL,0.02,4195.06,4196.63,4193.13,1475953545,1445600781,246810,Scalp SL150 TP200
2025-10-15 20:58:32,GOLD#,BUY,0.02,4192.9,4191.41,4194.18,1475955445,1445602664,246810,Scalp SL150 TP127
2025-10-15 20:58:32,GOLD#,BUY,0.02,4192.9,4191.41,4195.91,1475955472,1445602690,246810,Scalp SL150 TP300
2025-10-15 20:58:32,GOLD#,BUY,0.02,4192.93,4191.41,4195.73,1475955450,1445602668,246810,Scalp SL150 TP282
2025-10-15 20:59:05,GOLD#,BUY,0.02,4192.4,4190.88,4195.38,1475955830,1445603059,246810,Scalp SL150 TP300
2025-10-15 20:59:05,GOLD#,BUY,0.02,4192.38,4190.88,4194.18,1475955832,1445603061,246810,Scalp SL150 TP180
2025-10-15 20:59:05,GOLD#,BUY,0.02,4191.9,4190.85,4193.54,1475955840,1445603069,246810,Scalp SL150 TP119
2025-10-15 20:59:59,GOLD#,BUY,0.02,4192.66,4191.18,4195.68,1475956960,1445604181,246810,Scalp SL150 TP300
2025-10-15 21:08:13,GOLD#,SELL,0.02,4202.5,4203.99,4200.58,1475972124,1445619032,246810,Scalp SL150 TP191
2025-10-15 21:08:13,GOLD#,SELL,0.02,4202.53,4203.91,4199.41,1475972130,1445619038,246810,Scalp SL150 TP300
2025-10-15 21:08:13,GOLD#,SELL,0.02,4202.41,4204.03,4199.53,1475972135,1445619043,246810,Scalp SL150 TP300
2025-10-15 21:35:05,GOLD#,SELL,0.02,4201.01,4202.45,4198.72,1476005620,1445650523,246810,Scalp SL150 TP223
2025-10-15 21:35:09,GOLD#,SELL,0.02,4200.76,4202.26,4197.76,1476005711,1445650609,246810,Scalp SL150 TP300
2025-10-15 21:35:09,GOLD#,SELL,0.02,4200.76,4202.25,4197.75,1476005729,1445650621,246810,Scalp SL150 TP300
2025-10-15 21:35:45,GOLD#,SELL,0.02,4200.62,4202.14,4197.64,1476006449,1445651213,246810,Scalp SL150 TP300
2025-10-15 21:35:46,GOLD#,SELL,0.02,4200.79,4202.27,4198.36,1476006477,1445651234,246810,Scalp SL150 TP241
2025-10-15 21:35:46,GOLD#,SELL,0.02,4200.77,4202.2,4197.7,1476006463,1445651224,246810,Scalp SL150 TP300
2025-10-15 21:36:36,GOLD#,SELL,0.02,4200.89,4202.39,4197.89,1476007670,1445652306,246810,Scalp SL150 TP300
2025-10-15 21:36:37,GOLD#,SELL,0.02,4200.8,4202.4,4199.24,1476007683,1445652316,246810,Scalp SL150 TP166
2025-10-15 21:36:37,GOLD#,SELL,0.02,4200.69,4202.3,4197.8,1476007686,1445652319,246810,Scalp SL150 TP300
2025-10-15 21:37:06,GOLD#,SELL,0.02,4199.87,4201.36,4196.86,1476008290,1445652877,246810,Scalp SL150 TP300
2025-10-15 21:37:07,GOLD#,SELL,0.02,4199.89,4201.4,4196.9,1476008301,1445652887,246810,Scalp SL150 TP300
2025-10-15 21:37:14,GOLD#,SELL,0.02,4198.85,4200.37,4196.77,1476008444,1445653023,246810,Scalp SL150 TP210
2025-10-15 21:37:49,GOLD#,SELL,0.02,4199.06,4200.36,4195.86,1476009292,1445653836,246810,Scalp SL150 TP300
2025-10-15 21:37:50,GOLD#,SELL,0.02,4199.14,4200.69,4197.28,1476009315,1445653855,246810,Scalp SL150 TP191
2025-10-15 21:37:50,GOLD#,SELL,0.02,4198.95,4200.6,4196.1,1476009316,1445653857,246810,Scalp SL150 TP300
2025-10-15 21:43:13,GOLD#,SELL,0.02,4199.01,4200.45,4197.65,1476017680,1445662124,246810,Scalp SL150 TP130
2025-10-15 21:43:13,GOLD#,SELL,0.02,4198.89,4200.34,4195.84,1476017682,1445662126,246810,Scalp SL150 TP300
2025-10-15 21:43:13,GOLD#,SELL,0.02,4198.74,4200.35,4195.85,1476017686,1445662130,246810,Scalp SL150 TP300
2025-10-15 21:44:03,GOLD#,SELL,0.02,4199.18,4200.92,4196.89,1476018279,1445662713,246810,Scalp SL150 TP253
2025-10-15 21:45:43,GOLD#,SELL,0.02,4198.39,4199.89,4195.39,1476019056,1445663486,246810,Scalp SL150 TP300
2025-10-15 21:46:14,GOLD#,SELL,0.02,4198.48,4200.05,4195.55,1476019606,1445664043,246810,Scalp SL150 TP300
2025-10-15 21:46:14,GOLD#,SELL,0.02,4198.68,4200.18,4195.68,1476019608,1445664044,246810,Scalp SL150 TP300
2025-10-15 21:47:05,GOLD#,SELL,0.02,4199.85,4201.3,4198.71,1476020450,1445664885,246810,Scalp SL150 TP109
2025-10-15 21:47:05,GOLD#,SELL,0.02,4199.81,4201.34,4196.84,1476020452,1445664887,246810,Scalp SL150 TP300
2025-10-15 21:47:05,GOLD#,SELL,0.02,4199.85,4201.32,4196.82,1476020457,1445664891,246810,Scalp SL150 TP300
2025-10-15 21:48:07,GOLD#,SELL,0.02,4201.17,4202.67,4199.28,1476021449,1445665872,246810,Scalp SL150 TP189
2025-10-15 21:48:07,GOLD#,SELL,0.02,4201.21,4202.68,4198.18,1476021457,1445665879,246810,Scalp SL150 TP300
2025-10-15 21:48:07,GOLD#,SELL,0.02,4201.17,4202.62,4200.11,1476021439,1445665861,246810,Scalp SL150 TP101
2025-10-15 21:50:03,GOLD#,SELL,0.02,4201.73,4203.22,4198.72,1476023101,1445667379,246810,Scalp SL150 TP300
2025-10-15 21:50:20,GOLD#,SELL,0.02,4199.96,4201.44,4196.94,1476023431,1445667687,246810,Scalp SL150 TP300
2025-10-15 21:50:24,GOLD#,SELL,0.02,4199.62,4201.19,4196.69,1476023482,1445667734,246810,Scalp SL150 TP300
2025-10-15 21:50:24,GOLD#,SELL,0.02,4199.53,4201.12,4196.81,1476023485,1445667737,246810,Scalp SL150 TP281
2025-10-15 21:50:50,GOLD#,SELL,0.02,4198.82,4200.32,4195.82,1476024538,1445668745,246810,Scalp SL150 TP300
2025-10-15 21:50:55,GOLD#,SELL,0.02,4198.78,4200.28,4195.78,1476024568,1445668771,246810,Scalp SL150 TP300
2025-10-15 21:50:55,GOLD#,SELL,0.02,4198.74,4200.23,4196.36,1476024573,1445668776,246810,Scalp SL150 TP237
2025-10-15 21:52:28,GOLD#,SELL,0.02,4198.13,4199.62,4195.12,1476027557,1445671633,246810,Scalp SL150 TP300
2025-10-15 21:52:28,GOLD#,SELL,0.02,4198.05,4199.58,4195.08,1476027536,1445671613,246810,Scalp SL150 TP300
2025-10-15 21:52:28,GOLD#,SELL,0.02,4198.11,4199.59,4195.16,1476027553,1445671629,246810,Scalp SL150 TP293
2025-10-15 21:52:58,GOLD#,SELL,0.02,4198.32,4199.77,4195.27,1476028907,1445672961,246810,Scalp SL150 TP300
2025-10-15 21:52:58,GOLD#,SELL,0.02,4198.44,4199.88,4196.7,1476028954,1445673006,246810,Scalp SL150 TP168
2025-10-15 21:54:15,GOLD#,SELL,0.02,4198.05,4199.46,4194.96,1476030487,1445674452,246810,Scalp SL150 TP300
2025-10-15 21:54:15,GOLD#,SELL,0.02,4197.96,4199.46,4195.93,1476030480,1445674446,246810,Scalp SL150 TP203
2025-10-15 21:54:16,GOLD#,SELL,0.02,4198.13,4199.63,4195.13,1476030495,1445674460,246810,Scalp SL150 TP300
2025-10-15 21:59:32,GOLD#,BUY,0.02,4198.48,4197.0,4200.22,1476038753,1445682329,246810,Scalp SL150 TP172
2025-10-15 21:59:32,GOLD#,BUY,0.02,4198.41,4196.96,4200.61,1476038764,1445682340,246810,Scalp SL150 TP215
2025-10-15 21:59:34,GOLD#,BUY,0.02,4198.71,4197.3,4201.8,1476038808,1445682384,246810,Scalp SL150 TP300
2025-10-15 22:00:02,GOLD#,SELL,0.02,4199.96,4201.39,4197.61,1476039728,1445683239,246810,Scalp SL150 TP228
2025-10-15 22:00:02,GOLD#,SELL,0.02,4199.83,4201.35,4196.85,1476039718,1445683231,246810,Scalp SL150 TP300
2025-10-15 22:00:02,GOLD#,SELL,0.02,4199.85,4201.4,4196.94,1476039714,1445683228,246810,Scalp SL150 TP296
2025-10-15 22:01:29,GOLD#,SELL,0.02,4199.5,4201.0,4196.5,1476041107,1445684555,246810,Scalp SL150 TP300
2025-10-15 22:01:29,GOLD#,SELL,0.02,4199.5,4201.0,4196.5,1476041111,1445684559,246810,Scalp SL150 TP300
2025-10-15 22:01:29,GOLD#,SELL,0.02,4199.5,4201.04,4197.94,1476041114,1445684562,246810,Scalp SL150 TP160
2025-10-15 22:01:29,GOLD#,SELL,0.02,4199.85,4201.0,4197.13,1476041120,1445684569,246810,Scalp SL150 TP237
2025-10-15 22:01:29,GOLD#,SELL,0.02,4199.72,4201.35,4196.85,1476041126,1445684574,246810,Scalp SL150 TP300
2025-10-15 22:03:18,GOLD#,SELL,0.02,4196.75,4198.07,4194.24,1476043071,1445686439,246810,Scalp SL150 TP233
2025-10-15 22:03:49,GOLD#,SELL,0.02,4196.47,4198.06,4194.45,1476043393,1445686742,246810,Scalp SL150 TP211
2025-10-15 22:03:50,GOLD#,SELL,0.02,4196.49,4197.98,4193.48,1476043394,1445686743,246810,Scalp SL150 TP300
2025-10-15 22:03:50,GOLD#,SELL,0.02,4196.48,4197.99,4193.67,1476043396,1445686746,246810,Scalp SL150 TP282
2025-10-15 22:06:28,GOLD#,SELL,0.02,4197.32,4198.82,4195.1,1476046193,1445689434,246810,Scalp SL150 TP222
2025-10-15 22:06:28,GOLD#,SELL,0.02,4197.27,4198.82,4194.32,1476046202,1445689442,246810,Scalp SL150 TP300
2025-10-15 22:06:31,GOLD#,SELL,0.02,4197.42,4198.92,4194.42,1476046309,1445689551,246810,Scalp SL150 TP300
2025-10-15 22:07:09,GOLD#,SELL,0.02,4196.63,4198.15,4193.65,1476046603,1445689803,246810,Scalp SL150 TP300
2025-10-15 22:07:09,GOLD#,SELL,0.02,4196.88,4198.21,4194.02,1476046606,1445689806,246810,Scalp SL150 TP269
2025-10-15 22:07:09,GOLD#,SELL,0.02,4196.76,4198.38,4193.88,1476046608,1445689808,246810,Scalp SL150 TP300
2025-10-15 22:07:40,GOLD#,SELL,0.02,4197.35,4198.7,4194.2,1476046863,1445690045,246810,Scalp SL150 TP300
2025-10-15 22:07:43,GOLD#,SELL,0.02,4196.56,4198.11,4193.89,1476046876,1445690058,246810,Scalp SL150 TP272
2025-10-15 22:08:11,GOLD#,SELL,0.02,4197.42,4198.96,4194.46,1476047057,1445690211,246810,Scalp SL150 TP300
2025-10-15 22:08:14,GOLD#,SELL,0.02,4197.07,4198.4,4195.05,1476047086,1445690238,246810,Scalp SL150 TP185
2025-10-15 22:08:14,GOLD#,SELL,0.02,4197.06,4198.56,4194.06,1476047090,1445690241,246810,Scalp SL150 TP300
2025-10-15 22:10:22,GOLD#,SELL,0.02,4200.59,4202.06,4198.61,1476048905,1445691919,246810,Scalp SL150 TP195
2025-10-15 22:10:22,GOLD#,SELL,0.02,4200.56,4202.02,4197.52,1476048902,1445691916,246810,Scalp SL150 TP300
2025-10-15 22:11:09,GOLD#,SELL,0.02,4198.43,4200.24,4195.74,1476049743,1445692759,246810,Scalp SL150 TP300
2025-10-15 22:11:09,GOLD#,SELL,0.02,4198.43,4199.94,4195.44,1476049755,1445692772,246810,Scalp SL150 TP300
2025-10-15 22:11:09,GOLD#,SELL,0.02,4198.49,4199.91,4196.53,1476049749,1445692765,246810,Scalp SL150 TP188
2025-10-15 22:12:55,GOLD#,SELL,0.02,4196.29,4197.78,4193.28,1476051311,1445694291,246810,Scalp SL150 TP300
2025-10-15 22:12:55,GOLD#,SELL,0.02,4196.43,4197.99,4193.69,1476051302,1445694282,246810,Scalp SL150 TP280
2025-10-15 22:12:55,GOLD#,SELL,0.02,4195.75,4197.8,4193.45,1476051321,1445694304,246810,Scalp SL150 TP285
2025-10-15 22:15:31,GOLD#,SELL,0.02,4199.5,4200.81,4196.31,1476054083,1445697035,246810,Scalp SL150 TP300
2025-10-15 22:15:31,GOLD#,SELL,0.02,4199.51,4201.14,4198.13,1476054090,1445697042,246810,Scalp SL150 TP151
2025-10-15 22:15:45,GOLD#,SELL,0.02,4199.4,4200.87,4196.37,1476054357,1445697282,246810,Scalp SL150 TP300
2025-10-15 22:15:45,GOLD#,SELL,0.02,4199.41,4200.91,4197.64,1476054358,1445697283,246810,Scalp SL150 TP177
2025-10-15 22:15:45,GOLD#,SELL,0.02,4199.39,4200.89,4196.39,1476054360,1445697285,246810,Scalp SL150 TP300
2025-10-15 22:15:45,GOLD#,SELL,0.02,4199.29,4200.83,4196.33,1476054364,1445697289,246810,Scalp SL150 TP300
2025-10-15 22:16:23,GOLD#,SELL,0.02,4197.92,4199.43,4194.93,1476055179,1445698092,246810,Scalp SL150 TP300
2025-10-15 22:16:23,GOLD#,SELL,0.02,4197.87,4199.41,4194.91,1476055180,1445698093,246810,Scalp SL150 TP300
2025-10-15 22:16:57,GOLD#,SELL,0.02,4198.46,4200.0,4195.5,1476055611,1445698509,246810,Scalp SL150 TP300
2025-10-15 22:17:02,GOLD#,SELL,0.02,4198.99,4200.46,4195.96,1476055706,1445698598,246810,Scalp SL150 TP300
2025-10-15 22:17:03,GOLD#,SELL,0.02,4199.1,4200.55,4196.65,1476055710,1445698602,246810,Scalp SL150 TP240
2025-10-15 22:17:04,GOLD#,SELL,0.02,4198.92,4200.44,4195.94,1476055724,1445698616,246810,Scalp SL150 TP300
2025-10-15 22:17:07,GOLD#,SELL,0.02,4198.79,4200.1,4195.6,1476055746,1445698638,246810,Scalp SL150 TP300
2025-10-15 22:17:21,GOLD#,SELL,0.02,4198.56,4200.11,4195.61,1476056052,1445698944,246810,Scalp SL150 TP300
2025-10-15 22:17:53,GOLD#,SELL,0.02,4198.6,4200.1,4195.6,1476056626,1445699511,246810,Scalp SL150 TP300
2025-10-15 22:17:53,GOLD#,SELL,0.02,4198.71,4200.1,4196.29,1476056634,1445699519,246810,Scalp SL150 TP231
2025-10-15 22:17:53,GOLD#,SELL,0.02,4198.69,4200.21,4195.71,1476056637,1445699521,246810,Scalp SL150 TP300
2025-10-15 22:17:55,GOLD#,SELL,0.02,4198.41,4199.95,4195.45,1476056688,1445699573,246810,Scalp SL150 TP300
2025-10-15 22:18:20,GOLD#,SELL,0.02,4198.54,4200.04,4196.33,1476057098,1445699976,246810,Scalp SL150 TP221
2025-10-15 22:18:23,GOLD#,SELL,0.02,4198.01,4199.51,4195.01,1476057132,1445700006,246810,Scalp SL150 TP300
2025-10-15 22:18:55,GOLD#,SELL,0.02,4198.47,4199.98,4195.48,1476057644,1445700516,246810,Scalp SL150 TP300
2025-10-15 22:18:55,GOLD#,SELL,0.02,4198.48,4199.99,4195.49,1476057642,1445700515,246810,Scalp SL150 TP300
2025-10-15 22:18:55,GOLD#,SELL,0.02,4198.43,4199.97,4195.7,1476057646,1445700518,246810,Scalp SL150 TP277
2025-10-15 22:18:59,GOLD#,SELL,0.02,4198.6,4200.11,4195.61,1476057731,1445700604,246810,Scalp SL150 TP300
2025-10-15 22:20:01,GOLD#,SELL,0.02,4201.21,4202.75,4198.25,1476058976,1445701855,246810,Scalp SL150 TP300
2025-10-15 22:20:01,GOLD#,SELL,0.02,4201.24,4202.73,4198.23,1476058970,1445701847,246810,Scalp SL150 TP300
2025-10-15 22:21:03,GOLD#,SELL,0.02,4197.85,4199.6,4195.1,1476060157,1445703001,246810,Scalp SL150 TP300
2025-10-15 22:21:03,GOLD#,SELL,0.02,4197.64,4199.27,4194.81,1476060165,1445703010,246810,Scalp SL150 TP296
2025-10-15 22:21:06,GOLD#,SELL,0.02,4197.96,4199.29,4195.55,1476060209,1445703054,246810,Scalp SL150 TP224
2025-10-15 22:22:04,GOLD#,SELL,0.02,4198.95,4200.2,4195.7,1476061443,1445704080,246810,Scalp SL150 TP300
2025-10-15 22:22:10,GOLD#,SELL,0.02,4198.85,4200.33,4195.83,1476061547,1445704156,246810,Scalp SL150 TP300
2025-10-15 22:25:25,GOLD#,SELL,0.02,4200.88,4202.23,4197.73,1476063512,1445706025,246810,Scalp SL150 TP300
2025-10-15 22:27:02,GOLD#,SELL,0.02,4200.73,4202.44,4197.94,1476064735,1445707207,246810,Scalp SL150 TP300
2025-10-15 22:27:02,GOLD#,SELL,0.02,4200.6,4202.22,4197.72,1476064753,1445707225,246810,Scalp SL150 TP300
2025-10-15 22:27:02,GOLD#,SELL,0.02,4200.68,4202.18,4198.73,1476064763,1445707236,246810,Scalp SL150 TP195
2025-10-15 22:27:32,GOLD#,SELL,0.02,4200.83,4202.3,4197.8,1476065291,1445707742,246810,Scalp SL150 TP300
2025-10-15 22:27:33,GOLD#,SELL,0.02,4201.03,4202.33,4197.83,1476065294,1445707745,246810,Scalp SL150 TP300
2025-10-15 22:28:55,GOLD#,SELL,0.02,4201.12,4202.62,4198.12,1476066538,1445708966,246810,Scalp SL150 TP300
2025-10-15 22:29:42,GOLD#,SELL,0.02,4201.01,4202.51,4198.01,1476066986,1445709395,246810,Scalp SL150 TP300
2025-10-15 22:29:42,GOLD#,SELL,0.02,4201.02,4202.52,4198.11,1476066985,1445709394,246810,Scalp SL150 TP291
2025-10-15 22:29:42,GOLD#,SELL,0.02,4201.06,4202.56,4198.06,1476066982,1445709391,246810,Scalp SL150 TP300
2025-10-15 22:38:49,GOLD#,BUY,0.02,4191.61,4189.82,4194.32,1476080242,1445722446,246810,Scalp SL150 TP300
2025-10-15 22:38:49,GOLD#,BUY,0.02,4191.29,4189.64,4192.7,1476080113,1445722316,246810,Scalp SL150 TP156
2025-10-15 22:38:49,GOLD#,BUY,0.02,4191.32,4189.8,4193.3,1476080227,1445722431,246810,Scalp SL150 TP200
2025-10-15 22:39:19,GOLD#,BUY,0.02,4193.06,4191.55,4196.05,1476081097,1445723275,246810,Scalp SL150 TP300
2025-10-15 22:39:19,GOLD#,BUY,0.02,4193.11,4191.56,4196.06,1476081113,1445723291,246810,Scalp SL150 TP300
2025-10-15 22:39:19,GOLD#,BUY,0.02,4192.95,4191.45,4194.63,1476081088,1445723266,246810,Scalp SL150 TP168
2025-10-15 22:39:50,GOLD#,BUY,0.02,4193.15,4191.67,4194.2,1476081739,1445723905,246810,Scalp SL150 TP103
2025-10-15 22:39:50,GOLD#,BUY,0.02,4193.22,4191.72,4196.22,1476081744,1445723910,246810,Scalp SL150 TP300
2025-10-15 22:39:50,GOLD#,BUY,0.02,4193.15,4191.72,4196.22,1476081775,1445723940,246810,Scalp SL150 TP300
2025-10-15 22:40:20,GOLD#,BUY,0.02,4191.77,4190.14,4194.37,1476082473,1445724620,246810,Scalp SL150 TP273
2025-10-15 22:40:22,GOLD#,BUY,0.02,4192.05,4190.59,4195.09,1476082506,1445724651,246810,Scalp SL150 TP300
2025-10-15 22:40:22,GOLD#,BUY,0.02,4192.22,4190.41,4194.17,1476082528,1445724672,246810,Scalp SL150 TP226
2025-10-15 22:56:23,GOLD#,BUY,0.02,4191.11,4189.86,4194.36,1476103689,1445745398,246810,Scalp SL150 TP300
2025-10-15 22:56:25,GOLD#,BUY,0.02,4191.16,4189.69,4194.19,1476103752,1445745462,246810,Scalp SL150 TP300
2025-10-15 22:56:25,GOLD#,BUY,0.02,4191.16,4189.66,4192.73,1476103772,1445745482,246810,Scalp SL150 TP157
2025-10-15 22:56:25,GOLD#,BUY,0.02,4191.32,4189.68,4194.18,1476103801,1445745511,246810,Scalp SL150 TP300
2025-10-15 22:56:25,GOLD#,BUY,0.02,4191.47,4189.68,4193.82,1476103805,1445745515,246810,Scalp SL150 TP264
2025-10-15 22:56:25,GOLD#,BUY,0.02,4191.23,4189.68,4192.54,1476103788,1445745498,246810,Scalp SL150 TP136
2025-10-15 22:57:20,GOLD#,BUY,0.02,4193.86,4192.32,4195.72,1476105444,1445747140,246810,Scalp SL150 TP190
2025-10-15 22:57:23,GOLD#,BUY,0.02,4194.31,4192.81,4197.31,1476105533,1445747220,246810,Scalp SL150 TP300
2025-10-15 22:57:33,GOLD#,BUY,0.02,4193.09,4191.52,4196.02,1476105878,1445747562,246810,Scalp SL150 TP300
2025-10-15 22:58:06,GOLD#,BUY,0.02,4191.2,4189.75,4193.82,1476106422,1445748092,246810,Scalp SL150 TP257
2025-10-15 22:58:07,GOLD#,BUY,0.02,4191.23,4189.7,4194.2,1476106426,1445748096,246810,Scalp SL150 TP300
2025-10-15 22:58:07,GOLD#,BUY,0.02,4191.24,4189.74,4194.24,1476106429,1445748099,246810,Scalp SL150 TP300
2025-10-15 22:58:37,GOLD#,BUY,0.02,4191.14,4189.62,4194.04,1476106685,1445748348,246810,Scalp SL150 TP292
2025-10-15 22:58:37,GOLD#,BUY,0.02,4191.07,4189.58,4194.08,1476106689,1445748352,246810,Scalp SL150 TP300
2025-10-15 22:58:50,GOLD#,BUY,0.02,4191.36,4189.7,4194.2,1476106734,1445748388,246810,Scalp SL150 TP300
2025-10-15 22:59:08,GOLD#,BUY,0.02,4191.54,4190.04,4192.97,1476107013,1445748661,246810,Scalp SL150 TP143
2025-10-15 22:59:43,GOLD#,BUY,0.02,4191.15,4189.63,4193.9,1476107312,1445748946,246810,Scalp SL150 TP277
2025-10-15 22:59:43,GOLD#,BUY,0.02,4191.1,4189.63,4194.13,1476107314,1445748949,246810,Scalp SL150 TP300
2025-10-15 22:59:43,GOLD#,BUY,0.02,4191.05,4189.56,4194.06,1476107318,1445748953,246810,Scalp SL150 TP300
2025-10-15 23:02:47,GOLD#,BUY,0.02,4191.53,4189.53,4192.72,1476110761,1445752308,246810,Scalp SL150 TP169
2025-10-15 23:02:47,GOLD#,BUY,0.02,4191.8,4190.41,4194.91,1476110813,1445752360,246810,Scalp SL150 TP300
2025-10-15 23:02:47,GOLD#,BUY,0.02,4191.91,4190.03,4194.53,1476110768,1445752315,246810,Scalp SL150 TP300
2025-10-15 23:02:47,GOLD#,BUY,0.02,4192.13,4190.41,4193.37,1476110809,1445752356,246810,Scalp SL150 TP146
2025-10-15 23:02:47,GOLD#,BUY,0.02,4191.97,4190.41,4194.23,1476110817,1445752364,246810,Scalp SL150 TP232
2025-10-15 23:03:23,GOLD#,BUY,0.02,4190.97,4189.18,4193.68,1476111216,1445752756,246810,Scalp SL150 TP300
2025-10-15 23:03:24,GOLD#,BUY,0.02,4190.97,4189.47,4192.4,1476111224,1445752764,246810,Scalp SL150 TP143
2025-10-15 23:03:24,GOLD#,BUY,0.02,4190.8,4189.47,4193.97,1476111227,1445752767,246810,Scalp SL150 TP300
2025-10-15 23:05:04,GOLD#,BUY,0.02,4191.91,4190.29,4194.79,1476112321,1445753827,246810,Scalp SL150 TP300
2025-10-15 23:05:12,GOLD#,BUY,0.02,4191.04,4189.7,4194.2,1476112435,1445753943,246810,Scalp SL150 TP300
2025-10-15 23:05:13,GOLD#,BUY,0.02,4191.07,4189.54,4193.45,1476112438,1445753948,246810,Scalp SL150 TP241
2025-10-15 23:05:35,GOLD#,BUY,0.02,4190.99,4189.49,4193.99,1476112818,1445754326,246810,Scalp SL150 TP300
2025-10-15 23:07:10,GOLD#,BUY,0.02,4191.15,4189.69,4194.19,1476113535,1445754949,246810,Scalp SL150 TP300
2025-10-15 23:07:10,GOLD#,BUY,0.02,4191.15,4189.66,4193.18,1476113538,1445754952,246810,Scalp SL150 TP202
2025-10-15 23:07:10,GOLD#,BUY,0.02,4191.19,4189.74,4194.24,1476113532,1445754946,246810,Scalp SL150 TP300
2025-10-15 23:07:10,GOLD#,BUY,0.02,4191.14,4189.66,4193.77,1476113540,1445754954,246810,Scalp SL150 TP261
2025-10-15 23:07:10,GOLD#,BUY,0.02,4191.14,4189.66,4194.16,1476113541,1445754955,246810,Scalp SL150 TP300
2025-10-15 23:07:10,GOLD#,BUY,0.02,4191.13,4189.66,4192.76,1476113542,1445754957,246810,Scalp SL150 TP160
2025-10-15 23:08:02,GOLD#,BUY,0.02,4194.36,4192.81,4197.31,1476114888,1445756410,246810,Scalp SL150 TP300
2025-10-15 23:08:02,GOLD#,BUY,0.02,4194.36,4192.85,4197.35,1476114891,1445756413,246810,Scalp SL150 TP300
2025-10-15 23:08:04,GOLD#,BUY,0.02,4194.55,4193.04,4196.89,1476115021,1445756552,246810,Scalp SL150 TP235
2025-10-15 23:10:11,GOLD#,BUY,0.02,4191.9,4190.55,4195.05,1476117434,1445758876,246810,Scalp SL150 TP300
2025-10-15 23:10:11,GOLD#,BUY,0.02,4192.05,4190.55,4194.47,1476117442,1445758883,246810,Scalp SL150 TP242
2025-10-15 23:10:11,GOLD#,BUY,0.02,4192.05,4190.55,4194.52,1476117439,1445758881,246810,Scalp SL150 TP247
2025-10-15 23:10:11,GOLD#,BUY,0.02,4192.05,4190.4,4194.9,1476117438,1445758880,246810,Scalp SL150 TP300
2025-10-15 23:13:03,GOLD#,BUY,0.02,4191.29,4189.77,4194.27,1476120586,1445761983,246810,Scalp SL150 TP300
2025-10-15 23:13:03,GOLD#,BUY,0.02,4191.31,4189.75,4193.58,1476120590,1445761989,246810,Scalp SL150 TP233
2025-10-15 23:13:03,GOLD#,BUY,0.02,4191.43,4189.81,4193.04,1476120600,1445761999,246810,Scalp SL150 TP173
2025-10-15 23:13:27,GOLD#,BUY,0.02,4190.81,4189.23,4193.73,1476120781,1445762179,246810,Scalp SL150 TP300
2025-10-15 23:13:31,GOLD#,BUY,0.02,4190.78,4189.28,4191.92,1476120804,1445762198,246810,Scalp SL150 TP114
2025-10-15 23:13:31,GOLD#,BUY,0.02,4190.77,4189.26,4191.76,1476120802,1445762196,246810,Scalp SL150 TP100
2025-10-15 23:14:44,GOLD#,BUY,0.02,4191.14,4189.64,4194.14,1476121502,1445762882,246810,Scalp SL150 TP300
2025-10-15 23:14:44,GOLD#,BUY,0.02,4191.06,4189.64,4192.7,1476121505,1445762885,246810,Scalp SL150 TP156
2025-10-15 23:14:46,GOLD#,BUY,0.02,4191.29,4189.79,4193.26,1476121530,1445762910,246810,Scalp SL150 TP197
2025-10-15 23:15:04,GOLD#,BUY,0.02,4192.2,4190.72,4193.31,1476122184,1445763554,246810,Scalp SL150 TP109
2025-10-15 23:16:28,GOLD#,SELL,0.02,4195.33,4196.78,4193.89,1476124014,1445765358,246810,Scalp SL150 TP139
2025-10-15 23:16:28,GOLD#,SELL,0.02,4195.33,4196.83,4192.33,1476124016,1445765360,246810,Scalp SL150 TP300
2025-10-15 23:16:28,GOLD#,SELL,0.02,4195.33,4196.83,4192.33,1476124018,1445765362,246810,Scalp SL150 TP300
2025-10-15 23:16:58,GOLD#,SELL,0.02,4195.2,4196.86,4192.36,1476124427,1445765766,246810,Scalp SL150 TP300
2025-10-15 23:20:02,GOLD#,BUY,0.02,4194.65,4193.13,4197.63,1476125987,1445767261,246810,Scalp SL150 TP300
2025-10-15 23:20:02,GOLD#,BUY,0.02,4194.75,4193.14,4197.52,1476125990,1445767264,246810,Scalp SL150 TP288
2025-10-15 23:20:02,GOLD#,BUY,0.02,4194.76,4193.26,4197.76,1476125995,1445767269,246810,Scalp SL150 TP300
2025-10-15 23:20:32,GOLD#,BUY,0.02,4194.58,4193.08,4197.58,1476126450,1445767712,246810,Scalp SL150 TP300
2025-10-15 23:21:31,GOLD#,SELL,0.02,4194.59,4196.0,4192.67,1476127216,1445768408,246810,Scalp SL150 TP183
2025-10-15 23:21:33,GOLD#,SELL,0.02,4194.45,4195.96,4191.46,1476127249,1445768433,246810,Scalp SL150 TP300
2025-10-15 23:21:33,GOLD#,SELL,0.02,4194.46,4195.96,4192.27,1476127253,1445768436,246810,Scalp SL150 TP219
2025-10-15 23:22:05,GOLD#,SELL,0.02,4195.24,4196.74,4192.24,1476127594,1445768639,246810,Scalp SL150 TP300
2025-10-15 23:22:34,GOLD#,SELL,0.02,4195.39,4197.02,4193.76,1476127930,1445768973,246810,Scalp SL150 TP176
2025-10-15 23:22:34,GOLD#,SELL,0.02,4195.25,4196.78,4192.28,1476127935,1445768978,246810,Scalp SL150 TP300
2025-10-15 23:22:35,GOLD#,SELL,0.02,4195.3,4196.8,4192.3,1476127943,1445768986,246810,Scalp SL150 TP300
2025-10-15 23:23:14,GOLD#,SELL,0.02,4195.38,4196.88,4192.38,1476128666,1445769689,246810,Scalp SL150 TP300
2025-10-15 23:23:14,GOLD#,SELL,0.02,4195.38,4196.88,4193.95,1476128663,1445769686,246810,Scalp SL150 TP143
2025-10-15 23:23:14,GOLD#,SELL,0.02,4195.38,4196.88,4192.38,1476128668,1445769691,246810,Scalp SL150 TP300
2025-10-15 23:30:53,GOLD#,SELL,0.02,4195.93,4197.43,4194.4,1476133653,1445774465,246810,Scalp SL150 TP153
2025-10-15 23:30:53,GOLD#,SELL,0.02,4195.93,4197.39,4194.04,1476133643,1445774455,246810,Scalp SL150 TP185
2025-10-15 23:30:53,GOLD#,SELL,0.02,4195.93,4197.43,4192.93,1476133647,1445774459,246810,Scalp SL150 TP300
2025-10-15 23:34:17,GOLD#,BUY,0.02,4194.3,4192.74,4195.86,1476136054,1445776768,246810,Scalp SL150 TP162
2025-10-15 23:34:18,GOLD#,BUY,0.02,4194.26,4192.79,4197.29,1476136057,1445776771,246810,Scalp SL150 TP300
2025-10-15 23:34:18,GOLD#,BUY,0.02,4194.26,4192.76,4197.06,1476136061,1445776775,246810,Scalp SL150 TP280
2025-10-15 23:37:06,GOLD#,BUY,0.02,4194.32,4192.88,4197.06,1476137545,1445778222,246810,Scalp SL150 TP268
2025-10-15 23:40:00,GOLD#,BUY,0.02,4191.32,4189.91,4194.41,1476140347,1445781021,246810,Scalp SL150 TP300
2025-10-15 23:41:23,GOLD#,BUY,0.02,4193.35,4191.86,4194.92,1476141584,1445782277,246810,Scalp SL150 TP156
2025-10-15 23:41:23,GOLD#,BUY,0.02,4193.29,4191.83,4195.08,1476141592,1445782285,246810,Scalp SL150 TP175
2025-10-15 23:41:23,GOLD#,BUY,0.02,4193.33,4191.85,4196.35,1476141587,1445782280,246810,Scalp SL150 TP300
2025-10-15 23:43:20,GOLD#,BUY,0.02,4194.55,4193.05,4195.55,1476142645,1445783394,246810,Scalp SL150 TP100
2025-10-15 23:43:20,GOLD#,BUY,0.02,4194.55,4193.05,4197.55,1476142648,1445783396,246810,Scalp SL150 TP300
2025-10-15 23:44:14,GOLD#,SELL,0.02,4194.87,4196.4,4192.77,1476143497,1445784229,246810,Scalp SL150 TP213
2025-10-15 23:45:13,GOLD#,SELL,0.02,4196.58,4197.84,4193.92,1476144147,1445784867,246810,Scalp SL150 TP242
2025-10-15 23:48:34,GOLD#,SELL,0.02,4196.09,4197.59,4193.09,1476145743,1445786465,246810,Scalp SL150 TP300
2025-10-15 23:48:34,GOLD#,SELL,0.02,4196.08,4197.59,4194.26,1476145745,1445786468,246810,Scalp SL150 TP183
2025-10-15 23:48:34,GOLD#,SELL,0.02,4196.08,4197.58,4195.08,1476145746,1445786469,246810,Scalp SL150 TP100
2025-10-15 23:52:33,GOLD#,SELL,0.02,4196.11,4197.61,4193.54,1476147888,1445788026,246810,Scalp SL150 TP257
2025-10-15 23:53:11,GOLD#,SELL,0.02,4195.24,4196.77,4192.27,1476148217,1445788312,246810,Scalp SL150 TP300
2025-10-15 23:53:11,GOLD#,SELL,0.02,4195.04,4196.74,4194.24,1476148221,1445788318,246810,Scalp SL150 TP100
2025-10-15 23:53:12,GOLD#,SELL,0.02,4195.0,4196.52,4193.56,1476148225,1445788323,246810,Scalp SL150 TP146
2025-10-15 23:55:16,GOLD#,SELL,0.02,4195.34,4196.84,4192.34,1476149900,1445789894,246810,Scalp SL150 TP300
2025-10-16 00:09:45,GOLD#,BUY,0.02,4195.95,4194.39,4198.89,1476159109,1445798705,246810,Scalp SL150 TP300
2025-10-16 00:09:45,GOLD#,BUY,0.02,4195.91,4194.45,4198.08,1476159114,1445798710,246810,Scalp SL150 TP213
2025-10-16 00:09:45,GOLD#,BUY,0.02,4195.87,4194.39,4197.35,1476159120,1445798716,246810,Scalp SL150 TP146
2025-10-16 00:15:32,GOLD#,BUY,0.02,4186.31,4184.68,4189.18,1476167680,1445807090,246810,Scalp SL150 TP300
2025-10-16 00:15:33,GOLD#,BUY,0.02,4186.3,4184.81,4189.31,1476167682,1445807091,246810,Scalp SL150 TP300
2025-10-16 00:15:33,GOLD#,BUY,0.02,4186.56,4185.01,4187.58,1476167690,1445807100,246810,Scalp SL150 TP107
2025-10-16 00:30:02,GOLD#,BUY,0.02,4189.07,4187.4,4191.9,1476178023,1445816688,246810,Scalp SL150 TP300
2025-10-16 00:30:02,GOLD#,BUY,0.02,4189.32,4187.57,4192.07,1476178030,1445816694,246810,Scalp SL150 TP300
2025-10-16 00:35:03,GOLD#,BUY,0.02,4189.34,4187.87,4192.37,1476180188,1445818697,246810,Scalp SL150 TP300
2025-10-16 00:35:03,GOLD#,BUY,0.02,4189.37,4187.87,4191.12,1476180184,1445818693,246810,Scalp SL150 TP175
2025-10-16 00:35:04,GOLD#,BUY,0.02,4189.32,4187.84,4190.34,1476180190,1445818699,246810,Scalp SL150 TP100
2025-10-16 00:35:33,GOLD#,BUY,0.02,4189.11,4187.62,4190.99,1476180438,1445818937,246810,Scalp SL150 TP187
2025-10-16 00:35:34,GOLD#,BUY,0.02,4189.11,4187.61,4190.11,1476180446,1445818945,246810,Scalp SL150 TP100
2025-10-16 00:35:34,GOLD#,BUY,0.02,4189.11,4187.61,4192.11,1476180451,1445818950,246810,Scalp SL150 TP300
2025-10-16 00:36:08,GOLD#,BUY,0.02,4189.31,4187.82,4190.32,1476180713,1445819200,246810,Scalp SL150 TP100
2025-10-16 00:37:04,GOLD#,BUY,0.02,4189.29,4187.77,4192.27,1476180979,1445819454,246810,Scalp SL150 TP300
2025-10-16 00:45:02,GOLD#,BUY,0.02,4193.22,4191.72,4196.06,1476184846,1445823232,246810,Scalp SL150 TP284
2025-10-16 00:45:02,GOLD#,BUY,0.02,4193.17,4191.66,4196.16,1476184850,1445823233,246810,Scalp SL150 TP300
2025-10-16 00:45:02,GOLD#,BUY,0.02,4193.14,4191.67,4196.17,1476184853,1445823237,246810,Scalp SL150 TP300
2025-10-16 00:45:32,GOLD#,BUY,0.02,4193.09,4191.59,4194.13,1476185053,1445823413,246810,Scalp SL150 TP104
2025-10-16 00:48:08,GOLD#,SELL,0.02,4196.32,4197.75,4193.25,1476186716,1445825047,246810,Scalp SL150 TP300
2025-10-16 00:48:08,GOLD#,SELL,0.02,4196.45,4197.82,4195.15,1476186718,1445825049,246810,Scalp SL150 TP117
2025-10-16 00:48:08,GOLD#,SELL,0.02,4196.49,4197.89,4195.29,1476186722,1445825051,246810,Scalp SL150 TP110
2025-10-16 00:54:37,GOLD#,SELL,0.02,4196.16,4197.66,4194.82,1476188866,1445827146,246810,Scalp SL150 TP134
2025-10-16 00:54:38,GOLD#,SELL,0.02,4196.15,4197.63,4193.13,1476188870,1445827149,246810,Scalp SL150 TP300
2025-10-16 00:54:38,GOLD#,SELL,0.02,4196.15,4197.65,4194.21,1476188871,1445827150,246810,Scalp SL150 TP194
2025-10-16 00:55:07,GOLD#,SELL,0.02,4196.57,4198.0,4195.43,1476189055,1445827297,246810,Scalp SL150 TP107
2025-10-16 00:59:12,GOLD#,SELL,0.02,4196.05,4197.55,4193.05,1476190073,1445828272,246810,Scalp SL150 TP300
2025-10-16 00:59:12,GOLD#,SELL,0.02,4196.05,4197.55,4193.56,1476190074,1445828273,246810,Scalp SL150 TP249
2025-10-16 00:59:12,GOLD#,SELL,0.02,4196.05,4197.55,4194.61,1476190077,1445828276,246810,Scalp SL150 TP144
2025-10-16 01:00:00,GOLD#,SELL,0.02,4197.27,4199.04,4194.54,1476190504,1445828649,246810,Scalp SL150 TP300
2025-10-16 01:00:00,GOLD#,SELL,0.02,4197.73,4199.26,4194.76,1476190493,1445828638,246810,Scalp SL150 TP300
2025-10-16 01:01:43,GOLD#,SELL,0.02,4197.68,4199.26,4194.76,1476191433,1445829537,246810,Scalp SL150 TP300
2025-10-16 01:01:43,GOLD#,SELL,0.02,4197.76,4199.21,4194.71,1476191434,1445829538,246810,Scalp SL150 TP300
2025-10-16 01:01:43,GOLD#,SELL,0.02,4197.77,4199.2,4196.47,1476191435,1445829539,246810,Scalp SL150 TP123
2025-10-16 01:01:46,GOLD#,SELL,0.02,4197.81,4199.35,4195.32,1476191463,1445829565,246810,Scalp SL150 TP253
2025-10-16 01:13:14,GOLD#,SELL,0.02,4199.28,4200.84,4196.9,1476199463,1445837411,246810,Scalp SL150 TP244
2025-10-16 01:13:15,GOLD#,SELL,0.02,4199.27,4200.77,4196.27,1476199477,1445837425,246810,Scalp SL150 TP300
2025-10-16 01:13:15,GOLD#,SELL,0.02,4199.14,4200.78,4196.28,1476199488,1445837435,246810,Scalp SL150 TP300
2025-10-16 01:13:44,GOLD#,SELL,0.02,4199.05,4200.17,4196.69,1476199711,1445837665,246810,Scalp SL150 TP198
2025-10-16 01:13:45,GOLD#,SELL,0.02,4198.84,4200.34,4195.84,1476199717,1445837669,246810,Scalp SL150 TP300
2025-10-16 01:15:07,GOLD#,SELL,0.02,4200.14,4201.72,4197.82,1476200641,1445838546,246810,Scalp SL150 TP240
2025-10-16 01:15:07,GOLD#,SELL,0.02,4200.06,4201.62,4197.12,1476200646,1445838551,246810,Scalp SL150 TP300
2025-10-16 01:15:08,GOLD#,SELL,0.02,4200.01,4201.56,4198.94,1476200650,1445838555,246810,Scalp SL150 TP112
2025-10-16 01:15:08,GOLD#,SELL,0.02,4199.92,4201.43,4196.93,1476200653,1445838558,246810,Scalp SL150 TP300
2025-10-16 01:19:08,GOLD#,BUY,0.02,4197.3,4195.8,4199.4,1476203109,1445840987,246810,Scalp SL150 TP210
2025-10-16 01:19:08,GOLD#,BUY,0.02,4197.28,4195.8,4198.3,1476203111,1445840989,246810,Scalp SL150 TP100
2025-10-16 01:19:08,GOLD#,BUY,0.02,4197.19,4195.73,4200.23,1476203112,1445840990,246810,Scalp SL150 TP300
2025-10-16 01:20:11,GOLD#,SELL,0.02,4198.06,4199.59,4197.09,1476203774,1445841654,246810,Scalp SL150 TP100
2025-10-16 01:20:11,GOLD#,SELL,0.02,4197.94,4199.44,4196.73,1476203775,1445841655,246810,Scalp SL150 TP121
2025-10-16 01:20:51,GOLD#,BUY,0.02,4197.92,4196.42,4200.92,1476203964,1445841839,246810,Scalp SL150 TP300
2025-10-16 01:20:51,GOLD#,BUY,0.02,4197.68,4196.41,4198.91,1476203966,1445841841,246810,Scalp SL150 TP100
2025-10-16 01:20:51,GOLD#,BUY,0.02,4197.74,4196.18,4200.29,1476203967,1445841842,246810,Scalp SL150 TP261
2025-10-16 01:24:03,GOLD#,BUY,0.02,4196.73,4195.04,4199.54,1476205495,1445843338,246810,Scalp SL150 TP300
2025-10-16 01:24:03,GOLD#,BUY,0.02,4196.54,4195.04,4198.45,1476205494,1445843337,246810,Scalp SL150 TP191
2025-10-16 01:24:03,GOLD#,BUY,0.02,4196.54,4195.06,4198.1,1476205493,1445843336,246810,Scalp SL150 TP154
2025-10-16 01:25:11,GOLD#,BUY,0.02,4198.74,4197.24,4201.35,1476206244,1445843921,246810,Scalp SL150 TP261
2025-10-16 01:25:11,GOLD#,BUY,0.02,4198.74,4197.24,4199.74,1476206241,1445843919,246810,Scalp SL150 TP100
2025-10-16 01:25:12,GOLD#,BUY,0.02,4198.86,4197.28,4201.78,1476206264,1445843935,246810,Scalp SL150 TP300
2025-10-16 01:26:28,GOLD#,BUY,0.02,4199.13,4197.61,4202.11,1476207012,1445844631,246810,Scalp SL150 TP300
2025-10-16 01:26:28,GOLD#,BUY,0.02,4199.11,4197.6,4200.21,1476207009,1445844628,246810,Scalp SL150 TP111
2025-10-16 01:26:28,GOLD#,BUY,0.02,4199.27,4197.64,4200.77,1476207015,1445844633,246810,Scalp SL150 TP163
2025-10-16 01:26:36,GOLD#,SELL,0.02,4198.78,4200.15,4195.65,1476207056,1445844673,246810,Scalp SL150 TP300
2025-10-16 01:26:57,GOLD#,SELL,0.02,4197.46,4199.02,4194.52,1476207166,1445844780,246810,Scalp SL150 TP300
2025-10-16 01:26:57,GOLD#,SELL,0.02,4197.59,4199.08,4195.76,1476207158,1445844772,246810,Scalp SL150 TP182
2025-10-16 01:27:07,GOLD#,SELL,0.02,4198.0,4199.32,4194.82,1476207291,1445844890,246810,Scalp SL150 TP300
2025-10-16 01:27:16,GOLD#,BUY,0.02,4198.74,4197.18,4199.68,1476207339,1445844936,246810,Scalp SL150 TP100
2025-10-16 01:27:42,GOLD#,BUY,0.02,4198.97,4197.54,4202.04,1476207442,1445845038,246810,Scalp SL150 TP300
2025-10-16 01:28:09,GOLD#,BUY,0.02,4199.07,4197.57,4200.14,1476207701,1445845273,246810,Scalp SL150 TP107
2025-10-16 01:28:09,GOLD#,BUY,0.02,4199.07,4197.57,4200.34,1476207702,1445845274,246810,Scalp SL150 TP127
2025-10-16 01:28:15,GOLD#,BUY,0.02,4198.94,4197.44,4201.94,1476207730,1445845295,246810,Scalp SL150 TP300
2025-10-16 01:31:00,GOLD#,BUY,0.02,4198.19,4196.55,4199.05,1476208434,1445845912,246810,Scalp SL150 TP100
2025-10-16 01:31:00,GOLD#,BUY,0.02,4198.24,4196.76,4201.26,1476208435,1445845913,246810,Scalp SL150 TP300
2025-10-16 01:31:00,GOLD#,BUY,0.02,4198.22,4196.74,4200.53,1476208436,1445845914,246810,Scalp SL150 TP229
2025-10-16 01:31:35,GOLD#,BUY,0.02,4198.87,4197.44,4201.26,1476208632,1445846094,246810,Scalp SL150 TP232
2025-10-16 01:33:35,GOLD#,SELL,0.02,4198.76,4200.33,4195.83,1476209392,1445846804,246810,Scalp SL150 TP300
2025-10-16 01:33:35,GOLD#,SELL,0.02,4198.78,4200.28,4197.21,1476209394,1445846806,246810,Scalp SL150 TP157
2025-10-16 01:37:28,GOLD#,SELL,0.02,4198.21,4199.71,4195.97,1476210387,1445847731,246810,Scalp SL150 TP224
2025-10-16 01:37:28,GOLD#,SELL,0.02,4198.21,4199.71,4195.21,1476210386,1445847730,246810,Scalp SL150 TP300
2025-10-16 01:37:28,GOLD#,SELL,0.02,4198.21,4199.71,4197.21,1476210389,1445847732,246810,Scalp SL150 TP100
2025-10-16 01:38:07,GOLD#,SELL,0.02,4198.7,4200.2,4196.66,1476210523,1445847844,246810,Scalp SL150 TP204
2025-10-16 01:40:50,GOLD#,SELL,0.02,4199.04,4200.54,4196.04,1476211024,1445848297,246810,Scalp SL150 TP300
2025-10-16 01:40:50,GOLD#,SELL,0.02,4198.96,4200.46,4195.96,1476211026,1445848299,246810,Scalp SL150 TP300
2025-10-16 01:40:50,GOLD#,SELL,0.02,4198.97,4200.54,4197.09,1476211025,1445848298,246810,Scalp SL150 TP195
2025-10-16 01:50:13,GOLD#,BUY,0.02,4198.29,4196.8,4199.3,1476213728,1445850869,246810,Scalp SL150 TP100
2025-10-16 01:52:37,GOLD#,BUY,0.02,4199.03,4197.58,4202.08,1476214476,1445851482,246810,Scalp SL150 TP300
2025-10-16 01:52:38,GOLD#,BUY,0.02,4199.05,4197.52,4200.05,1476214485,1445851491,246810,Scalp SL150 TP103
2025-10-16 01:52:38,GOLD#,BUY,0.02,4199.0,4197.55,4200.49,1476214486,1445851492,246810,Scalp SL150 TP144
2025-10-16 01:54:56,GOLD#,BUY,0.02,4198.97,4197.49,4200.68,1476215711,1445852627,246810,Scalp SL150 TP169
2025-10-16 01:54:56,GOLD#,BUY,0.02,4198.97,4197.47,4201.97,1476215713,1445852628,246810,Scalp SL150 TP300
2025-10-16 01:54:56,GOLD#,BUY,0.02,4198.93,4197.46,4199.96,1476215715,1445852629,246810,Scalp SL150 TP100
2025-10-16 01:55:19,GOLD#,SELL,0.02,4198.87,4200.37,4195.87,1476215832,1445852722,246810,Scalp SL150 TP300
2025-10-16 02:01:29,GOLD#,SELL,0.02,4200.61,4202.18,4199.03,1476218519,1445855116,246810,Scalp SL150 TP165
2025-10-16 02:01:30,GOLD#,SELL,0.02,4200.67,4202.13,4198.94,1476218521,1445855118,246810,Scalp SL150 TP169
2025-10-16 02:01:30,GOLD#,SELL,0.02,4200.66,4202.16,4197.66,1476218522,1445855119,246810,Scalp SL150 TP300
2025-10-16 02:45:53,GOLD#,BUY,0.02,4208.49,4206.9,4211.4,1476237866,1445872700,246810,Scalp SL150 TP300
2025-10-16 02:45:53,GOLD#,BUY,0.02,4208.56,4207.02,4210.94,1476237870,1445872704,246810,Scalp SL150 TP242
2025-10-16 02:45:53,GOLD#,BUY,0.02,4208.53,4207.06,4211.56,1476237873,1445872707,246810,Scalp SL150 TP300
2025-10-16 02:46:29,GOLD#,BUY,0.02,4208.34,4206.84,4211.34,1476238059,1445872861,246810,Scalp SL150 TP300
2025-10-16 02:53:08,GOLD#,SELL,0.02,4211.64,4213.14,4209.01,1476241442,1445876060,246810,Scalp SL150 TP263
2025-10-16 02:53:08,GOLD#,SELL,0.02,4211.63,4213.14,4208.64,1476241447,1445876065,246810,Scalp SL150 TP300
2025-10-16 02:53:08,GOLD#,SELL,0.02,4211.64,4213.14,4210.24,1476241443,1445876061,246810,Scalp SL150 TP140
2025-10-16 02:55:05,GOLD#,SELL,0.02,4212.08,4213.58,4210.49,1476242648,1445877248,246810,Scalp SL150 TP159
2025-10-16 02:56:37,GOLD#,SELL,0.02,4212.31,4213.7,4210.26,1476243270,1445877820,246810,Scalp SL150 TP194
2025-10-16 02:56:37,GOLD#,SELL,0.02,4212.23,4213.7,4209.2,1476243269,1445877819,246810,Scalp SL150 TP300
2025-10-16 02:56:37,GOLD#,SELL,0.02,4212.2,4213.7,4211.2,1476243267,1445877817,246810,Scalp SL150 TP100
2025-10-16 02:57:15,GOLD#,BUY,0.02,4212.12,4210.76,4213.26,1476243399,1445877945,246810,Scalp SL150 TP100
2025-10-16 03:00:10,GOLD#,BUY,0.02,4210.49,4208.96,4212.46,1476244381,1445878835,246810,Scalp SL150 TP200
2025-10-16 03:00:10,GOLD#,BUY,0.02,4210.49,4208.99,4211.8,1476244384,1445878838,246810,Scalp SL150 TP131
2025-10-16 03:00:10,GOLD#,BUY,0.02,4210.46,4208.96,4213.46,1476244380,1445878834,246810,Scalp SL150 TP300
2025-10-16 03:03:09,GOLD#,BUY,0.02,4212.23,4210.72,4214.35,1476245917,1445880272,246810,Scalp SL150 TP213
2025-10-16 03:03:09,GOLD#,BUY,0.02,4212.24,4210.73,4215.23,1476245921,1445880274,246810,Scalp SL150 TP300
2025-10-16 03:06:08,GOLD#,BUY,0.02,4211.17,4209.67,4214.17,1476246509,1445880775,246810,Scalp SL150 TP300
2025-10-16 03:06:08,GOLD#,BUY,0.02,4211.17,4209.67,4212.23,1476246510,1445880776,246810,Scalp SL150 TP106
2025-10-16 03:06:09,GOLD#,BUY,0.02,4211.16,4209.66,4213.82,1476246513,1445880779,246810,Scalp SL150 TP266
2025-10-16 03:09:57,GOLD#,BUY,0.02,4210.08,4208.57,4212.24,1476247124,1445881314,246810,Scalp SL150 TP217
2025-10-16 03:09:58,GOLD#,BUY,0.02,4209.81,4208.6,4213.1,1476247127,1445881319,246810,Scalp SL150 TP300
2025-10-16 03:11:27,GOLD#,BUY,0.02,4211.53,4209.98,4213.29,1476247790,1445881952,246810,Scalp SL150 TP181
2025-10-16 03:11:27,GOLD#,BUY,0.02,4211.56,4210.03,4212.53,1476247791,1445881953,246810,Scalp SL150 TP100
2025-10-16 03:35:08,GOLD#,BUY,0.02,4207.4,4205.9,4208.4,1476255383,1445889081,246810,Scalp SL150 TP100
2025-10-16 03:35:08,GOLD#,BUY,0.02,4207.4,4205.9,4210.4,1476255384,1445889082,246810,Scalp SL150 TP300
2025-10-16 03:35:08,GOLD#,BUY,0.02,4207.42,4205.9,4209.63,1476255385,1445889083,246810,Scalp SL150 TP223
2025-10-16 03:35:41,GOLD#,BUY,0.02,4207.53,4205.98,4208.48,1476255508,1445889173,246810,Scalp SL150 TP100
2025-10-16 03:35:41,GOLD#,BUY,0.02,4207.48,4205.98,4209.36,1476255505,1445889172,246810,Scalp SL150 TP188
2025-10-16 03:49:19,GOLD#,SELL,0.02,4209.82,4211.32,4206.82,1476258009,1445891373,246810,Scalp SL150 TP300
2025-10-16 03:49:19,GOLD#,SELL,0.02,4209.84,4211.34,4206.91,1476258011,1445891375,246810,Scalp SL150 TP293
2025-10-16 03:49:19,GOLD#,SELL,0.02,4209.84,4211.34,4208.13,1476258012,1445891376,246810,Scalp SL150 TP171
2025-10-16 03:49:49,GOLD#,SELL,0.02,4209.87,4211.35,4206.85,1476258061,1445891410,246810,Scalp SL150 TP300
2025-10-16 03:49:49,GOLD#,SELL,0.02,4209.87,4211.37,4207.11,1476258062,1445891411,246810,Scalp SL150 TP276
2025-10-16 05:11:17,GOLD#,SELL,0.02,4205.35,4207.72,4203.22,1476267486,1445902872,246810,Scalp SL150 TP300
2025-10-16 05:11:25,GOLD#,BUY,0.02,4207.74,4206.26,4210.01,1476267843,1445903252,246810,Scalp SL150 TP225
2025-10-16 05:11:25,GOLD#,BUY,0.02,4207.64,4206.14,4210.64,1476267839,1445903249,246810,Scalp SL150 TP300
2025-10-16 05:11:25,GOLD#,BUY,0.02,4207.78,4206.27,4209.71,1476267846,1445903255,246810,Scalp SL150 TP194
2025-10-16 05:11:25,GOLD#,BUY,0.02,4207.62,4206.24,4208.74,1476267844,1445903253,246810,Scalp SL150 TP100
2025-10-16 05:11:25,GOLD#,BUY,0.02,4207.77,4206.12,4209.18,1476267845,1445903254,246810,Scalp SL150 TP156
2025-10-16 05:11:31,GOLD#,SELL,0.02,4206.26,4207.77,4204.7,1476267871,1445903279,246810,Scalp SL150 TP157
2025-10-16 05:11:31,GOLD#,SELL,0.02,4206.26,4207.76,4203.26,1476267872,1445903281,246810,Scalp SL150 TP300
2025-10-16 05:11:45,GOLD#,BUY,0.02,4207.77,4206.27,4210.77,1476267895,1445903299,246810,Scalp SL150 TP300
2025-10-16 05:11:55,GOLD#,BUY,0.02,4207.61,4206.11,4210.61,1476267952,1445903354,246810,Scalp SL150 TP300
2025-10-16 05:18:25,GOLD#,BUY,0.02,4206.91,4205.42,4209.7,1476271347,1445906521,246810,Scalp SL150 TP278
2025-10-16 05:18:25,GOLD#,BUY,0.02,4207.02,4205.41,4209.91,1476271356,1445906530,246810,Scalp SL150 TP300
2025-10-16 05:18:26,GOLD#,BUY,0.02,4207.14,4205.52,4208.35,1476271368,1445906542,246810,Scalp SL150 TP133
2025-10-16 05:18:56,GOLD#,BUY,0.02,4208.22,4206.72,4211.22,1476271615,1445906777,246810,Scalp SL150 TP300
2025-10-16 05:18:56,GOLD#,BUY,0.02,4208.22,4206.72,4209.7,1476271618,1445906780,246810,Scalp SL150 TP148
2025-10-16 05:19:47,GOLD#,BUY,0.02,4207.26,4205.76,4210.26,1476272096,1445907223,246810,Scalp SL150 TP300
2025-10-16 05:19:47,GOLD#,BUY,0.02,4207.44,4205.79,4209.73,1476272097,1445907224,246810,Scalp SL150 TP244
2025-10-16 05:19:52,GOLD#,BUY,0.02,4206.95,4205.45,4208.25,1476272121,1445907249,246810,Scalp SL150 TP130
2025-10-16 05:19:58,GOLD#,BUY,0.02,4207.64,4206.12,4208.63,1476272187,1445907307,246810,Scalp SL150 TP101
2025-10-16 05:19:59,GOLD#,BUY,0.02,4207.69,4206.14,4210.64,1476272191,1445907312,246810,Scalp SL150 TP300
2025-10-16 05:20:29,GOLD#,BUY,0.02,4208.48,4206.97,4209.92,1476272378,1445907482,246810,Scalp SL150 TP145
2025-10-16 05:20:42,GOLD#,BUY,0.02,4208.95,4207.45,4209.95,1476272492,1445907589,246810,Scalp SL150 TP100
2025-10-16 05:28:56,GOLD#,BUY,0.02,4209.89,4208.39,4211.13,1476275443,1445910389,246810,Scalp SL150 TP124
2025-10-16 05:28:56,GOLD#,BUY,0.02,4209.89,4208.39,4212.89,1476275444,1445910390,246810,Scalp SL150 TP300
2025-10-16 05:28:56,GOLD#,BUY,0.02,4209.87,4208.37,4210.87,1476275445,1445910391,246810,Scalp SL150 TP100
2025-10-16 05:33:09,GOLD#,SELL,0.02,4211.5,4212.96,4208.46,1476277264,1445911955,246810,Scalp SL150 TP300
2025-10-16 05:33:10,GOLD#,SELL,0.02,4211.28,4212.85,4208.83,1476277288,1445911980,246810,Scalp SL150 TP252
2025-10-16 05:33:10,GOLD#,SELL,0.02,4211.29,4212.78,4209.98,1476277289,1445911981,246810,Scalp SL150 TP130
2025-10-16 05:34:14,GOLD#,SELL,0.02,4211.28,4212.77,4208.27,1476277554,1445912213,246810,Scalp SL150 TP300
2025-10-16 05:34:14,GOLD#,SELL,0.02,4211.2,4212.74,4210.09,1476277555,1445912214,246810,Scalp SL150 TP115
2025-10-16 05:34:14,GOLD#,SELL,0.02,4211.2,4212.7,4209.94,1476277556,1445912215,246810,Scalp SL150 TP126
2025-10-16 05:34:44,GOLD#,SELL,0.02,4210.99,4212.49,4208.77,1476277653,1445912312,246810,Scalp SL150 TP222
2025-10-16 05:34:44,GOLD#,SELL,0.02,4210.99,4212.49,4207.99,1476277656,1445912314,246810,Scalp SL150 TP300
2025-10-16 05:34:44,GOLD#,SELL,0.02,4210.99,4212.49,4209.98,1476277659,1445912318,246810,Scalp SL150 TP101
2025-10-16 06:02:38,GOLD#,SELL,0.02,4212.84,4214.35,4211.34,1476285666,1445919763,246810,Scalp SL150 TP151
2025-10-16 06:02:38,GOLD#,SELL,0.02,4212.87,4214.34,4209.84,1476285668,1445919765,246810,Scalp SL150 TP300
2025-10-16 06:02:38,GOLD#,SELL,0.02,4212.87,4214.37,4211.87,1476285669,1445919766,246810,Scalp SL150 TP100
2025-10-16 06:03:09,GOLD#,SELL,0.02,4212.86,4214.36,4211.73,1476285781,1445919852,246810,Scalp SL150 TP113
2025-10-16 06:03:09,GOLD#,SELL,0.02,4212.86,4214.36,4211.86,1476285782,1445919853,246810,Scalp SL150 TP100
2025-10-16 06:05:03,GOLD#,SELL,0.02,4212.11,4213.14,4210.64,1476286337,1445920364,246810,Scalp SL150 TP100
2025-10-16 06:05:03,GOLD#,SELL,0.02,4211.64,4213.14,4208.64,1476286333,1445920360,246810,Scalp SL150 TP300
2025-10-16 06:05:03,GOLD#,SELL,0.02,4211.64,4213.14,4210.2,1476286332,1445920359,246810,Scalp SL150 TP144
2025-10-16 06:06:27,GOLD#,SELL,0.02,4211.62,4213.13,4210.23,1476286585,1445920566,246810,Scalp SL150 TP140
2025-10-16 06:06:27,GOLD#,SELL,0.02,4211.57,4213.07,4208.57,1476286588,1445920570,246810,Scalp SL150 TP300
2025-10-16 06:06:27,GOLD#,SELL,0.02,4211.6,4213.12,4210.62,1476286586,1445920567,246810,Scalp SL150 TP100
2025-10-16 06:06:27,GOLD#,SELL,0.02,4211.5,4213.07,4209.34,1476286590,1445920572,246810,Scalp SL150 TP223
2025-10-16 06:06:56,GOLD#,SELL,0.02,4210.42,4211.92,4209.37,1476286791,1445920785,246810,Scalp SL150 TP105
2025-10-16 06:06:56,GOLD#,SELL,0.02,4210.42,4211.92,4207.42,1476286792,1445920786,246810,Scalp SL150 TP300
2025-10-16 06:07:31,GOLD#,SELL,0.02,4209.98,4211.5,4208.48,1476287064,1445921045,246810,Scalp SL150 TP152
2025-10-16 06:10:37,GOLD#,SELL,0.02,4209.45,4211.03,4206.81,1476288086,1445921943,246810,Scalp SL150 TP272
2025-10-16 06:10:37,GOLD#,SELL,0.02,4209.53,4211.03,4207.59,1476288085,1445921942,246810,Scalp SL150 TP194
2025-10-16 06:10:38,GOLD#,SELL,0.02,4209.54,4211.07,4206.57,1476288088,1445921944,246810,Scalp SL150 TP300
2025-10-16 06:13:24,GOLD#,BUY,0.02,4211.23,4209.69,4212.93,1476288892,1445922673,246810,Scalp SL150 TP174
2025-10-16 06:13:24,GOLD#,BUY,0.02,4211.28,4209.78,4214.28,1476288898,1445922679,246810,Scalp SL150 TP300
2025-10-16 06:13:24,GOLD#,BUY,0.02,4211.28,4209.73,4212.77,1476288896,1445922677,246810,Scalp SL150 TP154
2025-10-16 06:13:54,GOLD#,BUY,0.02,4212.09,4210.54,4214.05,1476289091,1445922865,246810,Scalp SL150 TP201
2025-10-16 06:13:55,GOLD#,BUY,0.02,4212.13,4210.63,4215.13,1476289094,1445922868,246810,Scalp SL150 TP300
2025-10-16 06:14:28,GOLD#,SELL,0.02,4210.1,4211.6,4207.58,1476289211,1445922978,246810,Scalp SL150 TP252
2025-10-16 06:14:28,GOLD#,SELL,0.02,4210.1,4211.6,4207.1,1476289214,1445922981,246810,Scalp SL150 TP300
2025-10-16 06:14:28,GOLD#,SELL,0.02,4210.1,4211.6,4208.73,1476289217,1445922984,246810,Scalp SL150 TP137
2025-10-16 06:16:07,GOLD#,SELL,0.02,4211.37,4212.86,4209.63,1476289783,1445923543,246810,Scalp SL150 TP173
2025-10-16 06:16:07,GOLD#,SELL,0.02,4211.33,4212.83,4208.33,1476289785,1445923546,246810,Scalp SL150 TP300
2025-10-16 06:16:07,GOLD#,SELL,0.02,4211.37,4212.87,4210.37,1476289784,1445923544,246810,Scalp SL150 TP100
2025-10-16 06:16:26,GOLD#,BUY,0.02,4211.77,4210.32,4213.95,1476289862,1445923618,246810,Scalp SL150 TP213
2025-10-16 06:16:27,GOLD#,BUY,0.02,4211.69,4210.19,4213.05,1476289868,1445923622,246810,Scalp SL150 TP136
2025-10-16 06:18:08,GOLD#,SELL,0.02,4210.27,4211.79,4209.12,1476290197,1445923919,246810,Scalp SL150 TP117
2025-10-16 06:18:09,GOLD#,SELL,0.02,4210.03,4211.53,4207.03,1476290213,1445923933,246810,Scalp SL150 TP300
2025-10-16 06:22:40,GOLD#,BUY,0.01,4212.11,4209.05,4218.05,1476291719,1445925346,246810,Scalp SL300 TP600
2025-10-16 08:30:07,GOLD#,SELL,0.01,4225.05,4229.91,4214.91,1476355581,1445984687,246810,Scalp SL500 TP1000
2025-10-16 08:47:11,GOLD#,BUY,0.01,4227.71,4224.75,4233.75,1476364007,1445992420,246810,Scalp SL300 TP600
2025-10-16 08:50:17,GOLD#,SELL,0.01,4225.5,4230.59,4215.59,1476365647,1445993933,246810,Scalp SL500 TP1000
2025-10-16 08:53:35,GOLD#,SELL,0.01,4228.57,4231.53,4222.53,1476367930,1445996064,246810,Scalp SL300 TP600
2025-10-16 09:24:00,GOLD#,BUY,0.01,4233.58,4230.61,4239.61,1476380310,1446007507,246810,Scalp SL300 TP600
2025-10-16 09:33:45,GOLD#,SELL,0.01,4226.58,4231.61,4216.61,1476383453,1446010422,246810,Scalp SL500 TP1000
2025-10-16 10:02:38,GOLD#,BUY,0.01,4238.97,4235.95,4244.95,1476398247,1446024523,246810,Scalp SL300 TP600
2025-10-16 10:18:24,GOLD#,SELL,0.01,4240.37,4243.36,4234.36,1476405502,1446031290,246810,Scalp SL300 TP600
2025-10-16 10:25:16,GOLD#,BUY,0.01,4236.17,4231.15,4246.15,1476408227,1446033786,246810,Scalp SL500 TP1000
2025-10-16 10:30:02,GOLD#,BUY,0.01,4235.61,4230.56,4245.56,1476409846,1446035160,246810,Scalp SL500 TP1000
2025-10-16 10:42:15,GOLD#,BUY,0.01,4234.13,4228.13,4246.13,1476415725,1446040569,246810,Scalp SL600 TP1200
2025-10-16 10:57:43,GOLD#,BUY,0.01,4234.49,4231.49,4240.49,1476420473,1446044974,246810,Scalp SL300 TP600
2025-10-16 11:00:01,GOLD#,BUY,0.01,4233.83,4227.81,4245.81,1476421147,1446045584,246810,Scalp SL600 TP1200
2025-10-16 11:04:11,GOLD#,BUY,0.01,4234.01,4228.09,4246.09,1476423318,1446047580,246810,Scalp SL600 TP1200
2025-10-16 11:06:54,GOLD#,BUY,0.01,4234.28,4228.28,4246.28,1476424140,1446048297,246810,Scalp SL600 TP1200
2025-10-16 11:45:03,GOLD#,BUY,0.01,4234.56,4229.56,4244.56,1476436832,1446060085,246810,Scalp SL500 TP1000
2025-10-16 11:54:29,GOLD#,BUY,0.01,4232.29,4226.36,4244.36,1476443381,1446066121,246810,Scalp SL600 TP1200
2025-10-16 11:57:28,GOLD#,BUY,0.01,4232.6,4226.6,4244.6,1476444971,1446067615,246810,Scalp SL600 TP1200
2025-10-16 12:04:54,GOLD#,SELL,0.01,4232.11,4235.07,4226.07,1476447585,1446070017,246810,Scalp SL300 TP600
2025-10-16 12:07:51,GOLD#,BUY,0.01,4231.97,4228.98,4237.98,1476449530,1446071836,246810,Scalp SL300 TP600
2025-10-16 12:10:48,GOLD#,BUY,0.01,4232.84,4226.83,4244.83,1476450832,1446073024,246810,Scalp SL600 TP1200
2025-10-16 12:12:15,GOLD#,BUY,0.01,4232.96,4227.01,4245.01,1476451766,1446073902,246810,Scalp SL600 TP1200
2025-10-16 12:24:19,GOLD#,SELL,0.01,4225.22,4228.22,4219.22,1476461783,1446083404,246810,Scalp SL300 TP600
2025-10-16 12:25:19,GOLD#,SELL,0.01,4223.77,4226.76,4217.76,1476462315,1446083872,246810,Scalp SL300 TP600
2025-10-16 12:37:07,GOLD#,SELL,0.01,4212.63,4215.9,4206.9,1476474453,1446095014,246810,Scalp SL300 TP600
